PositionError_mm,MatchError,CycleTime_s
0.0119302568413151,0.057920345527157,1.08147468344715
0.0206006618692841,0.0632094153771778,0.868455003736039
0.0166325002568695,0.140777541507526,0.877042549356702
0.0128815367855711,0.00499288450568568,0.975750942544588
0.00756310167712926,0.0991126812814173,0.756995542338645
0.0145956395344265,0.0335376186041403,0.86330460595321
0.0102830692185908,0.0677583166602912,0.755885877659968
0.0187561103963195,0.0439595465717405,0.607987295255408
0.0154521444857046,0.0840632923711931,0.774117723165549
0.015825977266447,0.0855866909477034,0.917904189441214
0.0146273451601344,0.0508189258893165,0.899127169380031
0.0150194591828751,0.0900907172552351,0.996367301173041
0.0122212341616807,0.139876435975599,0.908830773862449
0.0125558974468035,0.106623035150156,0.840541569878724
0.0131814590930844,0.112672298461229,0.796548480598175
0.00904770151026029,0.0499621187948429,0.843507884953288
0.0105719209260763,0.0376894236953886,0.922763147047024
0.0131311163060428,0.0290430624956773,0.656012145918712
0.0132667852271944,0.0993533707988535,0.805631884985196
0.00488771137351822,-0.00757329210533143,0.890094966461743
0.0155784719272192,0.107079618053042,0.932223344348679
0.0121975371117573,0.0181597385632229,0.920946134481564
0.0105266231064155,0.0870469789597172,0.770850981256457
0.0133781904878174,0.0623889338395863,0.764917305798236
0.00862916108525934,0.14611132281506,0.912682629811818
0.0103144764468347,0.101898897995815,0.922077206610436
0.0143201666080156,0.0825310960659936,1.02394175660501
0.0115765811287676,0.050134277375048,0.881289600338406
0.0137715368043342,0.021126304009434,0.79192482578879
0.0209169887461228,0.0512786650367198,0.898816500420926
0.0195825477642301,0.00690842071169601,0.730649177789727
0.0208666356938635,0.0532261830094874,0.978813436359983
0.0157243420008489,0.0390832892014315,0.655380421377173
0.0214163812922287,0.0316395946014966,0.733773289517145
0.0165127253637205,0.0755937563330264,0.83662955269974
0.00835629108665857,0.0309563294921453,0.812635476711015
0.0232791529661065,0.0882416039754816,0.817626777694533
0.0128769280424113,0.118588227244578,0.786870899292402
0.0133912819641358,0.118584050058956,0.783223046719534
0.013871362080776,0.149248384768472,0.649347053915549
0.0156052044351746,0.121274593475614,0.724800636449548
0.0174744885293782,0.104055198611703,0.774710056220328
0.00921071812819459,-0.0270689651881719,0.774084186735382
0.0220916364613278,0.19982407720506,0.809716577162178
0.0140890031920647,0.0965648109228451,0.942674737264441
0.0187581684322877,0.0943354173314154,0.829283222904282
0.017913103598217,0.019467499049247,0.785138210827039
0.0119536927961547,0.0411835963283791,1.06569209119519
0.00917509748180076,0.131315439932479,0.698328343804629
0.0180190342413793,0.11526046166422,0.87195842182215
0.02203567554386,0.0265497865703715,0.947822362197575
0.0137189770576943,0.0221938875019891,0.764156141642942
0.00695229953718553,-0.0363539409963795,0.816273509026709
0.0233619749704308,0.0579957285478568,0.891430746795033
0.0122671491671025,0.0965061844781297,0.744075228436368
0.013622102748917,0.104266933360961,1.0409498254086
0.00741866352106567,0.0778357340436992,0.777701233458426
0.0165942708485189,0.0592329021263173,0.867464109198153
0.0250401519443931,0.060850329502258,0.793249645540229
0.0197264486836033,0.08675301387887,0.83999198906038
0.00841836363991185,0.0478096688446935,0.825757980176982
0.0199054208848425,0.0368296871385998,0.897844064805347
0.0149995059120425,0.0965209304745985,1.07482213624111
0.0129158797765011,0.0527797495952325,0.875691236185535
0.0148599659086372,0.120547283373939,0.811518842120147
0.0150939200886122,0.10949480472319,0.697211468057068
0.0217649843579873,0.0258088425058872,1.25552110742553
0.0186181657937173,0.0817354574886532,0.891217011529604
0.0111662887365912,0.131199026675325,1.06339067986075
0.0180749482604871,0.040566413983485,0.982911483826728
0.014590481493965,0.118451855445965,0.964082203888457
0.00977346852285725,0.0757777918937178,0.938753394099703
0.0157403053902492,0.101979551705081,0.93266494592152
0.0133769627175805,0.114007542783935,0.880149251945935
0.0109802889646719,0.0887800051417302,0.940259287054129
0.0169514699966869,0.0895127575228905,0.779772301982064
0.0191976336972002,0.139621453627977,0.953932163989082
0.011819761823852,-0.02623824690458,0.797655156237504
0.0163672908314389,0.127320972997328,0.973081468671434
0.0156385436661991,0.166467394961922,0.706115667815199
0.00628476303441001,0.106495154205203,0.928254581331074
0.0114452006548874,0.0873307792036525,0.757471120989182
0.0152189114196025,0.13605639539346,0.914851139330573
0.00439897453813828,0.0529570406364232,0.756379500657896
0.018934589557592,0.111999393589718,0.709887393989087
0.0102999731929608,0.0331688569065528,0.859539380559407
0.0198012333349846,0.107157155995305,0.889330902383981
0.0168134561810306,0.14192042781029,0.912726432692959
0.0135735479664273,0.132821378494276,0.949725275512735
0.0161784650445187,0.148955774041916,0.878627096263257
0.0152701140320247,0.156765483011093,0.753619471513204
0.0277340826717541,0.112626405882801,0.894720680059517
0.0150909834905023,0.00387029515778958,0.862190628966892
0.01600581111032,0.154809186356908,0.640196821179468
0.0145926092735534,0.0593241892044902,0.910834877606667
0.0180486687504674,0.0207585781106393,0.789670626895906
0.00804753355614107,0.0714846843549747,0.738323823017099
0.0223280994738566,0.115229706496778,0.855197654436461
0.0191998183821089,0.00194828610345468,0.702816987165894
0.0153580554927606,0.112792843096642,0.769105701916758
0.0176981262102237,0.101950700849365,0.856814138357475
0.0141402811195394,0.103401904456116,0.941504058365539
0.0243416613001143,0.0790497683574337,0.968727228998972
0.0143749804376407,0.157309022011163,0.687802931217791
0.0153511734202715,0.0113580579715082,0.736896858155923
0.0104207275681135,0.0399322122957868,0.97688997598888
0.0182628873505857,0.0693828600512751,0.775688977753062
0.019375037406331,0.15472121522225,0.758239316901783
0.00866184509176566,0.0595064229333247,0.830219236395469
0.012688917731336,0.0385565277441259,0.791140780558636
0.0188495782248547,0.115013936189236,0.971342315256
0.0147578523286207,0.0388841122511747,0.973333826554061
0.0120882490645161,0.0415356690031767,0.731051035171713
0.0231800450146343,0.108585624081344,1.04678400852256
0.0147413133946214,0.058214271793574,0.669514360321231
0.0148936758924428,0.0403461910073392,0.769496550037975
0.00985553282245557,0.036792455543937,0.938873507148003
0.0125915993296588,-0.0224165593798882,0.871731942426016
0.0156742816143883,0.127481966180716,0.952518738355018
0.00834476192470525,0.0759305579227907,0.920727023597755
0.0115454369595629,0.0522549340436746,0.778007798502133
0.0144057287485942,0.120885983151668,0.698112204275638
0.0185146533833636,0.0941460326876029,0.984602825441944
0.023193026797229,0.0759358655617438,0.81949772196881
0.00816378997136272,0.168616848348709,0.759638536799459
0.0212799511409295,0.0763306143788118,0.954656067320045
0.00961107843961774,0.0160547882765631,0.772841778178814
0.0183073655817812,0.0634313754147868,0.694307027495557
0.0205358331692292,0.0833572014170526,0.831117796448718
0.0111831052563466,0.119078996724936,1.08449436133386
0.0251363989033617,0.0706254159453141,0.831047948516034
0.0125228886546284,0.0404728122041409,0.783873215944677
0.02022249750807,0.0133126192477499,0.900758942889692
0.020143298472425,0.0560473206239048,0.885810037331017
0.00482177729939494,0.0773265177244376,0.767678350655794
0.0121565372414674,0.138994313715848,0.896098777402528
0.0212198327109585,0.0729362981459754,0.904410261637475
0.0169693737668006,0.2413025070709,0.861447516808591
0.0225169985046521,0.11887276137117,0.947498545557925
0.0169954798768756,0.079049982733178,0.879931816253725
0.0133335212526039,0.0626907107424906,1.07994844065251
0.00788632665176732,0.0871251641181567,0.68815502413008
0.0106941634371046,0.0727456221764644,0.771841566279833
0.0104015739048719,0.0234676603621652,0.735611517549163
0.0179015007716856,0.0152025632904976,0.841023172519399
0.0156154366098,0.0794841256815487,0.905488959425194
0.0126755081322847,0.0571829858254859,0.964332670449388
0.0113928692711509,0.0431919542920389,0.960134090404055
0.0118079576912536,0.0416507598892855,0.929796552127441
0.0133175331599264,0.101427684095108,1.01326171457971
0.0128648247715828,0.00229156954984656,0.933618278418625
0.0088334097095452,0.157128096432505,0.835720579262448
0.0160656234765718,0.112542085197805,0.787117925751552
0.00826025533953577,0.0549149899645561,0.904533356100403
0.0191296443345497,0.0985593287691426,0.931796336773119
0.0174926590477439,0.0549886168900615,0.836879469117445
0.0170151403374664,0.0640082660771033,0.890141701956043
0.0192950901092522,0.150334511688193,0.753472909386097
0.0201394513528699,0.14072544844436,1.09411793162734
0.0173829466621223,0.133901701068358,0.871751514802237
0.0165360024514769,0.0297552637878425,0.691893019383235
0.0166359097387483,0.100789374726828,0.712680935984421
0.0161147295317982,0.0799014855056493,0.697053251708315
0.0223546225223578,0.107512765567435,0.793105039182944
0.0141284185387407,0.111649499938078,0.792986954314756
0.013180190125815,0.112815893591658,0.912142279632966
0.0113981514300297,0.156886823148682,0.782282310835705
0.00805116465247438,0.106664116128977,0.99647792699585
0.0145092447155622,0.0213607477382692,0.874101482655206
0.0155041329430788,0.125308438903927,0.883769846062288
0.00589041708838605,0.0903011383881902,0.846703424258944
0.0104183650318127,0.11937693263377,0.9681985284289
0.0158759349536319,0.115973453838201,0.91547145835882
0.0206971766467901,0.105644587376732,0.847141014494977
0.0121249985082364,0.0127362318061919,0.953867613688636
0.0151290631982391,0.0689583730356811,0.739551190668288
0.0125923844202317,0.0907818299529762,0.894874372546465
0.0189189586135409,0.142690798000951,0.806140781088287
0.00962104421546553,0.154588597513522,0.883416056940476
0.0183323052448564,0.0187976785960711,0.803926541901473
0.0151373214539335,0.131914295356729,0.985091178899425
0.0107000345268798,0.117192870500694,0.985903735871058
0.0192355294247826,0.0293500449516213,0.772208790991588
0.021379184814258,0.0639014600377912,0.840082742392757
0.0168742349735972,0.135728570456305,0.914563257355251
0.0054622754502204,0.0446068226450497,0.931290229674614
0.0172376521995056,0.0543564200950184,0.973234045070355
0.0194242066554753,0.119890155615893,0.829409090984262
0.0142788681168606,0.0462906150821867,0.768131181376689
0.0123718482362506,0.0410299101075567,0.925799807660504
0.0194849163394874,0.169188280617433,0.978454415399663
0.0174899633427684,0.125115992957517,0.899060499296132
0.0256154287251669,0.0723977328165706,0.740155132435185
0.0182052970767508,0.0361203930828755,0.938550754936335
0.0152068723447565,0.151137540791143,1.01729024526325
0.0185514143017526,0.0314394036210398,0.916873665730216
0.0140628401914062,0.012523068744651,0.916857020813489
0.0181207271591609,0.0469417628487068,0.669156276589306
0.016734363111649,0.0207330933416387,0.881117855421696
0.00878766027918858,0.0850589913290378,0.791861978243273
0.0107766030239686,0.0524301441999855,0.944771938988687
0.0116566824122832,0.0942443105822359,0.735548677639173
0.0141883430063633,0.0174916481302784,0.689586683024864
0.012051606261057,0.0597775731427067,0.8639784035793
0.0160340871333095,-0.0413266609766883,0.717258136556737
0.0148272525944611,0.120223051118607,0.672812102401163
0.0108056851629325,0.148466042535874,0.86260867522089
0.00925696330517591,0.110707398946656,0.860147828029751
0.016503426348618,0.0884227293439209,0.717195642734726
0.00670335207483509,0.0256316636581434,0.687819011797458
0.0121362061039416,0.0564637061375081,0.943725925028044
0.019478639541394,0.0816537170948799,0.854005702584159
0.0165363834296297,0.0457841824575207,0.704120802613676
0.0152226444724253,0.216140344983614,0.905468203884856
0.0153023493194931,0.0334499226306666,0.670943987452803
0.0117709364046468,0.0899158138205548,0.917983228376821
0.0167957391733292,0.0724447196110235,0.816280847972931
0.00696681498550715,0.123080175985284,0.997641864263555
0.0169499196370081,0.0515754748666768,0.915001978401054
0.0165535936687853,0.126520645413796,0.815824093006297
0.015591230370648,0.10214025938115,0.854333993400513
0.00802525420688329,0.148589103951635,0.761150650679658
0.00861004694123213,0.0559672021508769,0.838565596923872
0.0159617205268333,0.103007671592362,0.673156234650284
0.0156244746659796,0.140170711351426,0.732145744833271
0.0225602646448192,0.10012336451011,0.69396589279155
0.0129151676299154,0.140907729006892,0.819992752913675
0.0171609588223034,0.079104800496762,0.722024530604507
0.0171472095112867,0.0323285710356054,0.929693052743766
0.00964889657132206,0.0699376025380842,0.915815287653391
0.0179275193463675,0.0600011302457242,1.0152319048585
0.0196656313416466,0.00300404854516002,0.852379636405029
0.0208468185131926,0.0350014202295049,0.788529336205797
0.0141008313302667,0.0629785354260687,0.867527465317487
0.0102117536725824,0.113538641790291,0.962541715751639
0.0164528100391453,0.082525755218329,0.839654332456103
0.0210011067684146,0.155899091279953,0.828447347616854
0.0159675173120487,0.137335335575112,0.885094484029125
0.0111132266702902,0.0738839962921152,0.903059588632865
0.0103279066305865,0.0698568177221487,0.805548251810536
0.0170643955178967,0.0934939680337188,0.60369415662641
0.0187335729785548,0.105961946372831,0.947385701844696
0.0173466142836692,0.117198434187797,1.05576928950813
0.0186083786067989,0.0518197611754809,0.935320451845896
0.0157627376999512,0.121360784300304,0.850371550430312
0.013622783155756,0.146307234022068,0.865756237216597
0.0167830162961479,0.121445340338219,0.811528151764077
0.012018771276227,0.0899420562754715,0.96109064211089
0.0123970320987542,0.0265616798293584,0.822328672931633
0.0267277799516015,0.10366761786629,0.754370767154599
0.0162698764363863,0.0991172045862206,0.882136212569635
0.0180081377533501,0.0329921078744152,0.86544585901269
0.0148686578316691,0.120064087189464,0.977758017678098
0.0162907963724062,0.0829991095370411,0.867316153004763
0.0151099194748427,0.111161526227774,0.825394218704419
0.0109581490484663,0.155585463342227,0.786554384461063
0.0131012335879548,0.0213463328771447,0.798846497476423
0.019543107848585,-0.00153574671087243,0.86316186998812
0.00954034547069287,0.067514052930832,0.89680721572892
0.0212179229677044,0.0123892232818469,0.827101622415456
0.0118454992394875,0.10961261443296,0.847192302081577
0.0164520978910548,0.0571487497644328,0.886467416599957
0.0161258546543674,0.0321961661874977,0.858644653436418
0.0252323059398277,0.128488320126797,0.8208875608239
0.0164913731811336,0.0985574154944177,0.885953451723366
0.00768181452105436,0.0362233548882323,0.865524080078267
0.0129719935178976,0.0506068902855829,0.721575111598084
0.0190331465376603,0.116988166416737,0.91186438582961
0.0158060096472794,-0.0332100450215967,0.788158015950567
0.0127257728121895,0.0563832469599907,0.955674562474934
0.00662275314062316,0.0840863109704786,0.807327766141993
0.0067051655962592,0.00143727262875268,0.715234413731634
0.0136277297342517,0.111688548250693,0.781464763008468
0.0177480845678363,0.0448468201755446,0.647787887644711
0.0110983378623117,0.0700018038637168,0.811655029781136
0.00139566480291899,0.110033313121293,0.766755972623231
0.0147636487977356,0.0110449516446659,0.757438203646819
0.0180628590545889,0.0763753277099525,0.740541843584497
0.0234351220086876,0.135327573419548,0.945982468696163
0.0171326189657402,0.111639614567539,0.91946149035612
0.0145018254520483,0.0631229492619636,0.858447159385165
0.0121486866298562,0.0752236562782558,0.955575544145731
0.0178400039248896,-0.0308706895629572,0.925064147117459
0.0134938529362122,0.0640049061343287,0.994175176989322
0.0237346476897586,0.115787023915398,0.843824466896315
0.024016095097716,0.0754064025262209,0.802146476650413
0.00135667365953804,0.1768054207787,0.805203501380049
0.0166235399035308,0.037026892347725,0.710481116109
0.0115792572612328,0.121757795520547,0.708270743099791
0.0151754502339252,-0.0219207522460405,0.827583946869463
0.0156618157901768,0.103168401593361,0.995331789249838
0.0140706630989331,0.165213118131332,0.854158158732416
0.0189838016189254,0.0882857570016943,0.972913587249247
0.0140162492550486,0.231903662150429,0.977720535628608
0.01574160401717,0.0183277193522098,0.9761192179087
0.0266740196450422,-0.00300145216335039,0.751273108467408
0.00780181476781134,0.138612523689993,0.887384070073109
0.0184983433360812,0.046549165572535,0.718899834668988
0.0242660422016773,0.089156223326022,0.674597253875006
0.00942590519061718,-0.00843677564730218,0.731652190496119
0.0110607966132832,-0.00618579586498287,1.04198182079804
0.0147221170313031,0.154878106995549,0.847621532470519
0.0096966316898539,0.0412842138696016,0.637736568240376
0.0152317551973151,0.0795444169185422,0.767019964654635
0.00890023079185107,0.0627868287539798,0.982233818534651
0.00811004129766726,0.140456558807484,0.700230669380647
0.024434481088319,0.0482621428112422,0.767906980800781
0.0156842190666811,0.0664580129913115,0.743253159428512
0.0119324620641414,0.158503139385311,0.805719582181116
0.0177367280327179,0.123855491745686,0.889198407829707
0.0177228303697168,0.0766389325166863,0.8536530106107
0.0135779661350091,0.0344437328791036,0.739447685343823
0.0082127433425196,0.0286447717665757,0.739244551244422
0.0179305526312516,0.0787929038269565,0.786990468126492
0.0162589044369168,0.120404654273963,0.784407536975915
0.00901399340916532,0.169969957217033,0.906373992698255
0.0130207374967348,0.135772851442668,0.818862685062281
0.0115774202966658,0.140213692671141,1.07847220169275
0.0102355056174489,0.0417439624839731,0.90029795777046
0.017081964098344,0.102256217996614,0.821286356826699
0.00656957658926707,0.0492076219305849,0.744466499006103
0.0155742901277594,0.106160409066113,0.745402533129015
0.00882131959542441,0.138084320084915,0.85239545558248
0.0187315343443216,-0.00327325510630268,0.753173272406668
0.0198369135511145,0.13889780216113,0.763417161330054
0.00994677600383976,0.0483550904389153,0.878475558370736
0.0173074259059455,0.0503307030531783,0.941133086747939
0.0119688015141541,0.108064799144737,0.713528342983499
0.021039827784828,0.140165540498205,0.893564033608052
0.0115979649990216,0.0305699986833456,0.975602619982359
0.00791840617642955,0.114462675816533,0.927890564605246
0.0120341358426936,0.109710831590571,0.810791043269993
0.00849961227025059,0.123925439290961,0.800689590101306
0.0111803348216567,0.0809670567383273,0.999100566921783
0.0158718331619237,0.0969602289590282,0.912163110442437
0.0103885621006982,0.0698586525134164,0.924850789792048
0.0181984591343265,0.027719163425638,1.01211321346608
0.0164582402728454,0.0981983389929472,0.912531027308634
0.0139453650113287,0.0430500226450078,0.791699559700994
0.00354595877154847,0.100781437761253,0.950366286773392
0.00625733807688842,0.112776360741986,0.767030522215301
0.00587946324440383,0.0932557660624855,0.856468049097432
0.0261764816360445,0.115055828879565,0.90333790948738
0.0242165468173283,0.0375912421838919,0.873730428617337
0.0231477186767218,0.0959143710558263,0.717867958988017
0.0219106347529803,0.0675846437557764,0.810496685884052
0.0176684214935617,0.0860405489064911,0.890409448870268
0.0105970781010646,0.154221798165961,0.748274346917635
0.0134865941683185,0.088729358640607,1.1083956885734
0.00905340474523076,0.0369328072233394,0.648108802704569
0.0105899170874764,0.116481569995103,0.578154987815239
0.0129703195330005,0.0526433348264025,1.02681322145599
0.0139968902233396,-0.0375475386138708,0.802368300518984
0.0150133279934275,0.000786690349616509,0.653172498193837
0.0135417920831725,0.115276187750381,0.763992302642963
0.0218510234895931,0.0728489314822954,0.830912990836643
0.015859550014742,0.0657875798337671,0.961752092319989
0.00491480133708613,0.0945266579594361,0.805279433911464
0.0124418764389949,0.029695719097551,0.567813377452642
0.0249332378230387,0.0403913321667743,0.921443204368781
0.0116961957002923,0.0550087758682047,0.766239883649382
0.0126009961406347,0.0397737335525192,0.921399178934892
0.0153446335623916,0.0901518618233093,0.829593640624485
0.0133292014862826,0.0840717694218344,0.934186096349689
0.0183679009662008,0.0616096092581723,0.903627852915253
0.0155835860939596,0.1290796173962,0.975950099579881
0.023844543427204,0.0558334897457149,0.890019922493211
0.0242478027244257,0.146527044887507,0.732398858740338
0.0231324721139885,0.11137543563897,0.834522644010739
0.00835085322935647,0.0635168402621112,0.785399902209904
0.0136235740443015,0.130535912962813,0.806449667245994
0.0115682479571597,-0.0243259312016129,0.845121480972422
0.0145135606300295,0.00118893309808199,0.832897923183375
0.0190173965374038,0.0223736721611686,0.88053875235707
0.0181000856067539,0.0244859948709505,0.974022633183414
0.0195203052414428,0.0186868648512952,0.765273478516834
0.00948897870943393,0.0794602217246158,0.801761066840305
0.0177944877739436,0.16636883635172,0.943173065328062
0.0151072367957853,0.12126340256329,0.879993519504042
0.0152598432074722,0.056829100059526,0.818869538595581
0.0188692435877039,0.16587665572595,0.683371054776463
0.00798365242907663,0.111222277737048,0.725094352177669
0.0177568680323227,0.11162150441013,0.777742922039827
0.013889636374488,0.0985431709660866,0.832733289771463
0.0162864127108264,0.128927995150614,1.00521344395279
0.0154614817733605,0.072681301809044,0.965548271578724
0.0126808270237517,0.0571173703529889,0.8929619238262
0.0157080637529491,0.126093677094848,0.930989608025479
0.0190288012016815,0.0595646409911811,0.71476160946415
0.0188071679218712,0.187564874396057,0.914108529957179
0.0211521198747217,0.0236553061943365,0.862763216145917
0.0191838342124536,0.0844257147747167,0.836342124850325
0.0104283090371901,-0.0180822994966654,0.811137246041664
0.0110285465613509,0.0513234196034611,0.861819341170956
0.0101011794389069,0.0415105716881919,1.10299018775591
0.0210448207137502,0.0731296346253441,0.860023615728011
0.0131297121977901,-0.0167689243397243,1.02988346266505
0.0189886090757715,0.0972968186598603,0.806546351265291
0.0076003581849275,0.112688546738437,0.807022669268911
0.00970580563344198,0.101330453928635,0.820339671478069
0.020375493879063,0.0150287356021124,0.691878656190568
0.0127957667957059,0.0780177937233358,0.946928878203348
0.0111799358411549,0.0979579794700948,0.995373302467119
0.00663508347823996,0.0614701359567236,0.913481386049877
0.022981457456817,0.0432000242841025,0.752411990778254
0.0127122108089166,0.102210019643692,1.04131747837616
0.0123878750656815,0.0342931419890467,0.886567884449402
0.015272501376776,0.0571563115203277,0.885332234131793
0.013311369860872,0.00765858330595111,0.929198339286963
0.0211049644857497,0.0731778510773348,0.765338513079408
0.0178980032138278,0.0948832816142673,0.670075236023287
0.0129422622977499,0.0968936087809746,0.729799247214308
0.0194293226596547,0.122558762946914,0.891480792204136
0.00987153390570734,0.116329782205495,0.807620974885432
0.0127728147595266,0.0861600384275712,0.807195563349342
0.0145409002678831,0.0660931784290676,0.739273249075181
0.0156503771464382,0.0311231254366436,0.917695155475853
0.0166045435978738,0.212607796353513,0.864443776664741
0.0180572657784549,0.0799978469946371,0.851618075204693
0.0122766936446897,0.0424662155726568,0.857081310311663
0.0140497704857642,0.073213154613799,0.836223250030617
0.0185986739889501,0.0157956954961521,0.74007890657009
0.010717193378129,-0.0151605065607208,0.67208003973096
0.0119380624383738,0.107368546317085,0.920237088221495
0.00745658062067683,0.0810320245630511,0.773755205836109
0.0147130313148321,0.102499745798179,0.809950181760088
0.0197625012487442,0.164295992524597,0.81352442961405
0.0169883791127333,0.0760226305856905,0.717486261474039
0.00652657984277115,0.0467336218230695,0.890116703473397
0.00948453170442208,0.0869909483854231,0.882544454523758
0.0167497575334593,0.12276540811912,0.926777099040883
0.0189517756124396,0.101549727385736,0.783195041195935
0.00827467144407711,0.00917151674106839,0.802517382377825
0.0104887074443617,0.0412330507770292,0.805493116364185
0.0128056808712721,0.0163136415127055,0.940725984223113
0.0174653763724567,0.0783188797646082,0.802191909015283
0.0216376341703885,0.0622874289035733,0.871343588624857
0.0133235971245502,0.10301083206141,0.87260422458817
0.016197334202573,-0.0119567597626071,0.930964226830061
0.0146519982324804,0.0641261736080211,0.769023986542798
0.0202583487668667,0.0544412132156745,0.796913628507473
0.0164444093679479,0.0688816524395267,0.757238876759975
0.0246391731799301,0.0903914134792238,0.983156582290726
0.0107848609051558,0.108662485867523,0.76505066991563
0.0175770990870858,0.0940846262717734,1.06017602598218
0.0308066573110476,0.176242243767354,0.971123595319946
0.0198877655449604,0.0607666484234399,0.778890624866722
0.017514187588346,0.0891804082330615,0.856464925578689
0.0081968550949984,0.0448169874497596,0.952637050232627
0.0129470984718608,0.144090491049547,0.87886563120386
0.0126392426800388,0.0419806699683822,0.714006340947139
0.0203775153102431,-0.0288598767096202,0.836235471372645
0.0175945979759448,0.121534534373045,0.728914007993095
0.0193590637031893,0.0266701909798693,0.845494965433459
0.0109104220769432,0.12256459678048,1.05153760864469
0.0226774642509885,0.0649211347700161,0.806575942390652
0.0152879013459536,0.0890214243737841,0.810367206604039
0.0212339088546109,0.0657096013324647,0.849108561459048
0.0136176378142597,0.116507360203072,0.808834604820355
0.0140608261923482,0.125209134768416,0.772793860364179
-0.000344818035646561,0.165838092565764,0.963974199801713
0.0134962610971195,0.0791498864218281,0.746088969538249
0.0139837283794152,0.0699723916782348,0.798163176776825
0.0165796061748374,0.0339059133917015,0.733307579779529
0.00751557619881307,0.13288309238074,0.840029711006721
0.0174419002581346,0.0764692246653639,0.811538818000459
0.0285809171209704,0.0214251837246508,0.713368260985791
0.00542403926677415,0.00984685216134851,0.857624475155386
0.0135728721461373,0.0646861550401846,0.877923753764492
0.0218964752278006,0.192901051599385,0.918675096716958
0.016399481848875,0.0184971923421793,1.04371369231412
0.0208927055523308,0.0320737097049251,0.823992594325565
0.0224707636790377,0.136983161228189,0.989116196925547
0.017612250630346,0.147930284750824,0.790696037976964
0.0199717647159974,0.0215540241818123,0.876276173131429
0.0171849500923478,0.142512839776443,0.87162133809927
0.00938915236181791,-0.00342921676448976,0.80600786213603
0.0110041151925306,-0.00430229216741554,0.846684187952609
0.00744152933624919,0.0237130990783687,0.754930822488927
0.0203517339491258,0.0959279117125207,0.901799926648889
0.0178504798054159,0.0744431058232682,0.813126512964758
0.0118824725640423,0.0437644806387143,0.933857528173058
0.0155100464003477,0.110820769309404,0.832157221247346
0.0156634695684582,0.0639685377445143,0.812845259568931
0.0159557693046012,0.0216918182627972,0.717532074486835
0.0188222946600681,0.0390136199783793,0.886574953659153
0.0159407132108658,0.108754023831131,0.751068402165768
0.00798705323653439,0.0751137398959055,0.805126065456215
0.0168701388077007,0.157394795833185,0.839491956949253
0.0118425618249486,0.12196231880869,0.858890906063579
0.0173732867817586,0.0656498307729062,0.876965244702903
0.0200335672700118,0.00644672715494714,0.857180075202872
0.0120722282574374,0.0335766836814469,0.83945785696514
0.00898193919205958,0.0255839347870192,0.813785622077194
0.0176826328649669,0.0970363627975047,0.838805100067279
0.0160839158670735,0.126967430093971,0.816395070596133
0.0167729247351,0.020939136424324,0.974380271236182
0.0125677382794115,0.149191658033627,0.880870866901826
0.00975881087844614,0.0886327810109971,0.691880742953092
0.0127674115847182,0.0931986778474104,0.852032731190514
0.0148478419865604,0.051352980462886,0.884150435946791
0.016913139667136,0.170058683277635,0.681135185585247
0.0172275523432871,0.0333681685245933,0.896551982559368
0.020496452751532,0.0517271693044756,0.877084199108695
0.0123507164179359,0.113978773824838,0.823814403773401
0.0146702980381564,0.154465696217347,0.900388723959365
0.0150991781672584,0.0738121385012444,0.831585266331726
0.0177414695953375,0.090570451751968,0.954352516283272
0.0226585857080777,0.164919921139014,0.800122746415182
0.0212231815485634,0.110201063068823,0.721727475419863
0.0110141267720055,0.221882740757628,0.833072428572872
0.013276051977318,0.00427455864436847,0.87041247119438
0.0162204623745893,0.0891713329842378,0.8788304275413
0.0173995482213026,0.109349512166898,0.784197257713438
0.0134530729724403,0.105099405286224,0.953415190105248
0.00980701984900227,0.0800444435487256,0.79883115646212
0.0214057437401436,0.0693747315648543,0.821033014877403
0.00367368671737997,0.102530821486348,0.890672037771891
0.0125841131195467,0.0574017367785446,0.845079320214126
0.0197874831512175,0.0176216387719366,0.704186764172014
0.0165833045385375,0.0175930186548007,0.781326085502654
0.0075544141143443,0.123979971344451,0.832181714265693
0.0203543806342897,0.0503260179140748,0.895778306140078
0.0145442629558003,0.115407878100353,0.90843338480811
0.0131829912184715,0.144260876518095,0.7348964004339
0.01886018632079,0.118105943510321,0.84050778811468
0.0108044347646664,0.0895286063258356,0.764767330164528
0.00716686640281524,0.112350994422862,0.829876796368021
0.0179202062313466,0.123154602881315,1.01475237854966
0.0149590029482574,0.0968212096941514,0.955600625697883
0.0238253061494952,0.0298037080518895,0.877641037710645
0.0131135398775114,0.059557479847918,0.883365801807326
0.00326612481505425,0.0735034986637843,0.878638202961699
0.0178461256439904,0.0787647482051299,0.690116496044186
0.00941337434791283,0.0524758682923085,0.94508375773534
0.0233263631394781,0.031986188465846,0.806531571503162
0.0120112854132812,0.146713405773839,0.862977403380711
0.0105252322173823,0.12830038792085,0.876828262373866
0.0141359347117776,0.0504495253764884,0.985027301563218
0.0159337857636818,0.118511345713154,0.644189207696256
0.0192078954972829,0.118992848093302,0.658973645538513
0.018004225721352,0.0135657209461228,1.01586883398818
0.0202000375603067,0.102031462973256,0.898743510620986
0.021665822348526,0.0376686112345353,0.818503832595643
0.0173868961460388,0.14072782526941,0.942838653764134
0.017282224238023,-0.00652380503577424,0.926947152778619
0.0262146382370841,-0.0297916216387058,0.845854561569197
0.0114471927655116,0.0459344582854356,0.771245396241826
0.0153954604597533,0.0223400867420125,0.853937269207961
0.00965004220829985,0.000298428017860938,0.973172938785313
0.0129801449982087,0.146611085550052,0.90735631279704
0.0287382920897755,0.0766434750438149,1.05473815164144
0.0107394699673928,0.0728019969119806,1.02041374051515
0.0232442005169462,0.0362536381324075,0.873342927117874
0.0181671888161377,0.117091505882286,0.892004917014625
0.00944604525337896,0.0815628345212968,1.0951055568436
0.021537575555869,0.00283011317955915,0.732409776141709
0.0228947358015089,0.136821241269461,0.922628478068337
0.0109735090515068,0.101208993150943,0.858356243790241
0.0236006632991902,0.160240266359463,0.968087628424018
0.0107548823308247,0.0724077375235759,0.811418370858915
0.0163084889881861,0.0815936638158812,0.950199541342851
0.00993486589955559,0.0400238982340785,0.891193072417428
0.0173333579150867,0.0883194750047144,0.76956653335634
0.01490819069732,0.0891884624596273,0.860961132479
0.0201280119629668,0.0819097323764141,0.703209467105659
0.0203112076699882,0.141483313949705,1.05570275534614
0.0182037532484328,0.136161615485271,0.653529490788797
0.0216056566996378,0.0561454487832049,0.995690287379432
0.00860977506317819,0.0929254391866293,0.938052657251039
0.0127742370835003,-0.0379716395278991,0.733572934612638
0.0213779175613896,0.0782933949181502,0.975652190336244
0.00719513635297024,0.0987418576455544,0.703982877961651
0.00645667990942552,0.035287113797264,0.895678041069166
0.0103985107029129,0.127619544021787,0.892128241210654
0.0199730717432212,0.1188222558323,0.891097586768472
0.0175020797700925,0.110042357551191,0.882183876638166
0.0175049056205585,0.067117513782417,0.852993348531343
0.0185693523423256,0.0986169162181108,0.905175953113223
0.0177976360337918,0.0520396822585706,0.818927694404322
0.0119757364823765,0.00808162308171974,0.896567645350459
0.0172702022455222,0.143786505355691,0.823590222141303
0.00953492696700844,0.0495694603436636,0.698478967388345
0.00282270046484223,0.0230454441312077,0.896724117721529
0.0162948512704023,0.0514846343559883,0.802676639866128
0.0157648826605479,0.0190209199904034,0.888019190808285
0.00723624596339525,0.102126698894456,0.997074109330605
0.0182239551680161,0.0264975240385085,0.710084673493958
0.011533362630699,0.0788648799418667,0.78243278873845
0.0229533108340659,0.052701181464689,0.930183893976608
0.0152583011135652,0.059096226508018,1.17481871714958
0.00560886974950275,0.0580980369186934,0.832564253551448
0.0151026915955248,0.0294816225942121,0.793016209588969
0.0191158337594434,0.14937934742821,0.885842210377024
0.0243999246833127,0.104194738354331,0.694258181997259
0.0182424011156406,0.0592979620926349,0.950264720540273
0.00529671833470433,0.143319978537515,0.942486653934525
0.0151396225882647,0.0335428885671123,0.856014869369286
0.0187807058593522,0.0764521473832912,0.742933910229714
0.0174752368127781,0.100062556709327,0.778795345713719
0.0179164134910911,0.139300595831984,0.837907252895146
0.0190173822080164,0.141205203062344,0.748109985181817
0.00962410462820939,0.124913278640134,0.90547114268755
0.0229589913340341,0.0843170747689476,0.640201507107618
0.00170304790681988,0.0966705953614868,0.933344942904521
0.0148616135256149,0.0411851533526274,0.7026542403883
0.0198769649824837,0.0455006491631398,0.874545398243472
0.0173715082682818,0.0111597907362531,0.758942048051718
0.00628750895198322,0.119160134546427,0.676646177060302
0.00935066491930593,0.128224165561611,0.965671706002272
0.0122764515202495,0.0887627124299483,0.881601997358303
0.0169743522133707,-0.0377017966888631,0.83504127568964
0.0139150759081685,0.115235215401263,0.710395626256586
0.0253509915325218,0.114414567488921,0.609189540339132
0.0110828646387553,0.154255192832648,0.971940355396058
0.0124303507755147,0.0868451865509592,0.862493472243397
0.0149640884438318,0.10902454383983,0.72087590967342
0.0192893340221989,0.075601780760044,0.886239635030684
0.0130238578000972,0.135768247527513,0.958142177344503
0.0112790171922815,0.00511984939237914,0.876493787518364
0.00827519067934628,0.142731919228378,1.02635954789542
0.0192995509723317,-0.0310347802567082,0.947087635940099
0.0241991573746741,0.0512716972757971,0.919334972085772
0.0181094809526689,0.129852875930446,0.759685749075207
0.0191993690170548,0.103440420808167,0.817927314862886
0.0226173952471285,0.0643310293591975,0.890935977804874
0.0157385628938372,0.134897444827124,0.748617476296427
0.00663811002692803,0.134886266964008,0.771665599497542
0.0123592903111849,0.0889974325876833,0.877542000478296
0.0131782323392388,0.0657740096164078,0.676158063404639
0.01513026635189,0.177121834577302,1.08265468701011
0.0130834579008677,0.102983968521464,0.787184346770773
0.0212943949899897,0.0520857709484631,0.946925735007318
0.0130272733744145,0.0853195913312228,0.900970562883161
0.0197924062719035,0.046690466458348,0.91870916750664
0.00984046143652752,0.108241758091549,0.822855625900712
0.0212623940528211,0.136141833492536,0.964459454087607
0.0208100009500523,0.0111927253790221,0.73916969029403
0.0169391137282995,0.156090461799749,0.854325867484054
0.0123780576822276,0.106678075806308,0.753050565934061
0.0131623632507903,0.116238835147937,0.9345739803534
0.0080720338555772,0.101026608675625,0.664941873425175
0.0150751027239699,0.108748765410071,0.947357586963837
0.0132601245168366,0.0411358949636885,0.994083709806886
0.0188821972015645,0.11616447060345,1.04087482800888
0.0214119329659603,0.137751352342264,0.943778912421329
0.0176920964035239,0.0425960257776769,0.721507860280823
0.0195949298148066,0.0925301941764675,0.861377462387707
0.0197792636541423,0.0692673266190113,0.834963317897012
0.00388540095243411,0.114467769686598,0.885120015350908
0.00890891260867594,0.223983766633089,0.875455319185521
0.0112853047465753,0.00918614756991602,0.944423588664241
0.0160299782772816,0.0275910775408684,0.808233639743238
0.0221552859145626,0.120920279748231,1.0156853616426
0.0159392498042496,0.121470972409359,0.823040119490857
0.00870545741628159,0.145364900175743,0.799369279698532
0.01219678503591,0.0227939437918075,0.719541027553922
0.0123314074680296,0.0290635661431568,0.741830092495187
0.0220820990970783,0.0234442022885728,0.90654527387037
0.0225749104957025,0.0176940281741173,0.799055435347914
0.0174401936908904,0.0925494948430692,0.702868416075174
0.0136957509494389,0.157397963075042,0.87873203275588
0.0118269350673263,0.0881525333271966,0.708766412733275
0.0113718366613013,0.052775730798323,0.778196102160599
0.00792774837866137,0.0990957337603217,0.983086608821967
0.00922522428037762,0.0696299484373886,0.961840816444823
0.0184678793746717,0.0251582652069356,0.924716553972219
0.0104746450439567,0.0661478820996587,0.867679215821735
0.00570707229005084,0.155397448102074,0.654688977877169
0.0114736048169888,0.0776391239541254,0.675972624220111
0.00437612563542364,0.0841139825050663,0.899610185295249
0.0135084379186979,0.174244929002393,0.87157645984018
0.0127686185619994,0.111079181572223,0.807816968719805
0.0233009948234561,0.125755299376814,0.895564462960507
0.0169308444056747,0.00218490246241998,0.956479298167821
0.0157163244848563,0.103713703533186,0.73432617939397
0.0138352871848508,0.0675008114107375,1.11692681541939
0.00870442476829326,0.130556044543966,1.03239545509503
0.00966352127706053,0.0570863622899706,1.00498515474899
0.0152188059637331,0.0312442341785422,0.96692316412965
0.0171711275807437,0.022195854311424,0.570902735162326
0.0196455646286267,0.0661799178973702,0.71952464084533
0.0172664400570283,0.137754924057561,0.830730356760214
0.0189081240723264,0.0788587650387263,0.842751463242241
0.0184332997441452,0.145696075721165,0.97869727783959
0.0151732681512367,0.066061017489604,0.814852921146951
0.00686869498230736,0.0399214634827536,0.735446272655982
0.0181108787855341,0.118453490860757,0.709318385450986
0.0141988445715325,0.119547422365704,0.922618684384038
0.0183408041822578,-0.012403039120165,0.826306445388232
0.0174354533789493,0.156976878514049,0.833007509221806
0.0162972161789844,0.0952583763269535,0.928381645276444
0.0139278308001327,0.0435458314091682,0.714151739063663
0.0100909312539052,0.103227756161125,0.948802036048731
0.0149497663989289,-0.00471750044523346,1.01236330179926
0.016952732668763,0.0852355976993585,0.883401313106453
0.0131717865417291,0.0728929009144402,0.909698901251875
0.0158693096905019,0.0642111713568873,0.696638101816888
0.0185003320136193,0.0276688421234539,0.927916956073362
0.0243354966023372,0.0953206716204495,0.881784527506481
0.0101229019379492,0.102690166096447,0.781278363273935
0.0132279164657227,0.107375276708071,0.769965884334578
0.0106084161512667,0.0521414257304303,0.851495501890847
0.0256894358603716,0.0147682161233586,0.806683096089577
0.00897140009952194,0.054997778030237,0.744797149925972
0.00922670728619121,-0.013564329035752,0.886303141526581
0.0261342804049375,0.144720892598417,0.815285946744585
0.00934822234592779,-0.0103049050818114,0.951546026085408
0.0190462060843414,0.133003148025333,0.752044022740713
0.012544532613995,0.0947991941584024,0.66919030081793
0.0132098267848283,0.113579055424119,1.01037374045122
0.0142173149637224,0.040238179263513,0.946032676386519
0.0163029157831111,-0.0248793311230998,0.919890403648422
0.0177015642364306,0.0572292928477263,0.872621745442071
0.014264491527258,0.0752504424989395,0.873481531036644
0.0157325629547246,0.0256857076966077,0.914639886169541
0.011351613696832,0.000541261618267688,0.807882751981785
0.0113670121361941,0.00479936547031103,0.866019219380282
0.0116483683564674,0.103094436296967,1.04295733873189
0.00782800005975251,0.0809092879074896,0.904169423111877
0.0133700003099986,0.0399214435166566,0.851027515376452
0.0192079485080701,0.176573586206668,0.863499849945478
0.0143175352767199,0.141213475193202,0.902148661648013
0.00894161117642434,0.115905442384386,0.907113826256808
0.0160212552590772,0.0875480726427639,0.810103753188396
0.0183726403713932,0.0200339936706773,0.761987822966877
0.0182128352094233,0.0978556968605725,0.885766714049806
0.0194154748825882,0.0480483407994549,0.944813086908944
0.0104200482701149,0.0485072270028548,0.969662713093691
0.0244608265969522,0.0647207081495905,0.779245603233925
0.0157902522283294,0.0605491627791969,0.842377629391915
0.0255438200376075,0.00473644727502905,0.815353988931328
0.0139804101272346,0.0715315718178278,0.833066890980586
0.0198183593250073,0.058961618213875,0.687045286357064
0.0160241815346892,0.209445866971356,0.912674193747687
0.0215756407968668,0.117996796305469,0.819540074870089
0.0165202066758533,0.0906400738587257,0.851055377309156
0.0145957084471625,0.0518696345971736,0.917003210189183
0.00687990103725426,0.0427612277097055,0.702417101793101
0.0178607461756179,0.0890175289565462,0.651891167217607
0.0213847812836934,0.10061818814331,0.994868102829011
0.0130944461608189,0.082038505927018,0.826564540388445
0.0156984350014421,0.0396871874062479,0.918432203347814
0.0173570138606729,0.0722629199672408,0.833807759194965
0.0172129374853105,0.0831884139635978,0.816460087628101
0.0175155061650776,0.0390455501982573,1.00091604936776
0.0162592957282252,0.106937947734555,0.868930548766948
0.0197340389283728,0.0996727192797067,0.916280457301054
0.0230630282211525,0.0453712054444837,0.98763273132284
0.0224050994626691,0.112043904412722,0.715998665693145
0.0160557293501677,0.0789672703765877,0.849071304135624
0.0131809839660793,0.0573966103948432,0.704630360004614
0.0260570789296962,0.0469261797059712,0.709996497512449
0.0233201487901812,0.119847112213159,0.80468957231054
0.013783177591947,0.0820030763304924,0.710352876646164
0.0136735405352465,0.0529864566575018,0.786994033500637
0.0133882102567221,0.165985176868946,1.00229044110617
0.0114807018027507,0.104125450033102,0.797484691379167
0.014322692827494,0.0918420507175904,0.90401179450373
0.0241959679209863,0.076415108783709,0.839238252824209
0.0144503808852104,0.102046557747104,0.812867354210406
0.0181927201180565,0.0303661055626726,0.845983436976343
0.0201411630880148,0.102855803699061,0.780464822963381
0.0120763815991853,0.0583156243201271,0.784053894371793
0.0162753901302936,-0.0208533831889419,0.783387892783975
0.00061486612702269,0.0798796757380788,0.980011510049645
0.0175962242672222,0.12614182945747,0.788646369998296
0.0101795810412916,0.0630630256528656,0.816692982342625
0.0151859441125487,0.0872828099160271,0.978056792783305
0.0172069817788476,0.0842270762954519,0.89272897866215
0.0146945884963503,0.13745960387274,0.759993286176334
0.0186954641221796,0.0243052328966645,0.900232624552929
0.0190768086306101,0.0950538779699716,0.898417045426377
0.0209279602242889,0.049866279969929,0.946376659689802
0.00707675824106464,0.0858114439325825,0.786849279772929
0.0127289965925603,0.134162198566544,1.00984140892663
0.0165177727654281,-0.00636364851178951,0.771690744952149
0.00473596844810224,0.00121270291258467,0.873896246269642
0.0211101912454721,0.0952990696848581,0.684647353523762
0.0114741591530869,0.0390113429233454,0.942890153669919
0.0196978311443037,0.126251372025773,0.705159156541069
0.0204017344157938,0.0290039600576508,0.705550011027074
0.0134639409893019,0.16668254860495,0.844690932327022
0.0158049500884075,-0.02123567946643,0.796420604021287
0.013111717662318,0.148781125409386,0.927332203196315
0.0128039893692013,0.0373286558422296,0.815953028037652
0.0102723804426597,0.0414952606152002,0.874759806318575
0.0194495844406784,0.0832652105252129,0.88634508216249
0.013553148752656,0.0796677635320037,0.745036564263097
0.0181571740671965,0.110642708433238,0.809530062014214
0.0206515839283997,0.0363805659191058,0.824241882428611
0.0163247910529846,0.057997525115088,0.624293889485941
0.0137876681476692,0.0172558611920685,0.933086503314332
0.0182464512010628,0.0910887179721576,0.880286269176971
0.0202239512373843,0.0209792628758025,0.692654906046666
0.0161778887067345,0.172246411836152,0.84476427675876
0.0174046119536978,0.0783744288683107,0.726746959603451
0.0199009100786335,0.0332309300727378,0.879894616918766
0.0221058989012724,0.0995570891613685,0.815516353942488
0.010849496187141,0.125579055582956,0.907780434024041
0.0150668987132608,0.172327316887068,0.925777453387866
0.0104007664609411,0.0748569633138323,0.792886845195184
0.013828343307236,-0.00184811262411785,0.910834287909076
0.0123016942402906,0.0615127069376243,0.782294306118437
0.0114070542066171,0.173357784380583,0.738965517085844
0.00993356643538181,0.0600007828043081,0.864581997208817
0.0110191755001203,0.0784967373005067,1.058799567465
0.0167638794911841,0.153918056719432,0.888876217512525
0.00549045630566088,0.0283397280827219,0.892443227957313
0.017604609470759,0.0718639065650639,0.7977914923576
0.0102904197999635,0.114203718457423,0.842969547466241
0.021680925845513,0.162423212240384,0.759207353039179
0.0110225154448835,0.131774967395695,0.838347664454446
0.014161458736859,0.0941704776998174,1.03438194206401
0.024884580464556,0.0507809968381187,0.782910053878241
0.0201208274319743,0.0152377418041061,0.90512906204949
0.0198573676056073,0.108201080976755,1.03424703739028
0.012209552616356,0.111267360349906,0.761923437099932
0.0120347212514113,0.0603015619474836,0.89062358748527
0.0148805624663128,0.110925981089396,0.892720278139593
0.0156319731803024,0.0485910372331245,0.916023874947109
0.0134974820945081,0.0957627974747991,0.791045009230801
0.00906564669736128,0.0134373495972046,0.910614658192564
0.0171627564732011,0.17218118456139,0.884309208849312
0.0239735772968317,0.189468970839686,0.821073418161929
0.0133802312180919,0.0953624330011678,0.898860848526577
0.0154599238183838,0.167378035514129,0.82513774559586
0.0244192997919775,0.0876045409920345,0.785157138346203
0.0196777062744964,0.0468556684829732,0.880205875515559
0.0209036336147666,0.083494428722305,0.823124086361387
0.011307294188112,0.0655145056599519,0.935665810428088
0.0159541749963012,0.091746157744744,0.753440999048433
0.0131319939562782,-0.036356679902518,0.965400008223014
0.0144089315378211,0.0472930063278687,0.943604472039607
0.00988603062173234,0.0517002984633575,0.913073387213485
0.0161948957549237,0.0672439988769577,0.696915952894069
0.0161935925116323,0.00523610336248699,0.823867272541797
0.0198433610726854,0.0911440154305333,0.913406647386892
0.0139641899837332,-0.0140914839626854,0.697708978961691
0.0115485468915705,0.0982295355512204,0.982696552277079
0.0188229932917319,0.0725466087566217,0.676637511592544
0.0191916921294439,0.129200363606179,0.73824233912364
0.0168222312291004,0.0814748013104026,0.631370551415381
0.00810978297441441,0.107841829307541,0.935378840066045
0.0144457538182497,0.0175887962559379,0.741285067273507
0.0203011974382929,0.0955097554969861,0.987707027694227
0.0174111677725503,0.0551683978188123,0.882756332100821
0.0204737260016419,0.0642144374104975,0.896125223873259
0.0133464363582849,0.0385491380742748,0.780464576698068
0.0125290784951016,0.0588319547209081,0.858846848202314
0.0123681810903088,0.126091850470991,0.782450088263323
0.0141400626745429,0.146372818286546,0.729548742246088
0.00995068070982923,0.0216576742144722,0.851378994500923
0.011519591521268,0.132647990443094,0.752119733704401
0.00606527688030726,0.0842137924492507,1.05079314906453
0.0202955452954435,0.0317759723928197,0.793246875030531
0.00814847699823755,0.168539974351082,0.679363945949327
0.01846372435822,0.0434185356582537,1.03894526751818
0.0126261344480492,0.127912031000008,0.816413969646488
0.0124653969328345,0.130296913295743,0.8274289739976
0.0168373445940303,0.0454113979636157,0.956700952945412
0.0173159693502156,0.0912132045147647,1.05912416337643
0.014330885695381,0.0869904893780491,0.808112457678488
0.0182798236746771,0.1566549038781,0.709080447596422
0.0147965346839376,0.121650252410748,0.936156242004371
0.011786529652314,0.181675686248038,0.899828566702228
0.018637765084158,0.0331379378861603,0.928705601036166
0.0102413760346504,0.137776538530465,1.14716944074846
0.0225433753257074,0.049803482474958,0.901867053899618
0.0150282904856424,0.0383686711268144,0.802443855579658
0.0162488119921424,0.0700851165261552,0.841748351073867
0.0103658465785249,0.0866745539180707,0.983501126009638
0.0202654380971468,0.0660788825649641,0.752461489401049
0.0132058099814079,0.0973908592101898,0.876701221057236
0.0125174565279637,0.0562643187171829,0.758855550206593
0.0193811302620227,0.117454193440545,0.963055432555922
0.017928563717739,0.0477977009241892,0.905930747539875
0.0145082827993067,0.144676668264403,0.89527754889952
0.00747271592304285,0.10796891267951,0.848305851606906
0.0158667272617081,0.0269645832144367,1.13937888757208
0.0103148813506324,0.174101553047777,0.707025495427919
0.0122588129745586,0.0633769457248027,0.71391916281492
0.00321612247170213,0.100376554506285,1.13370016396196
0.0166337061520381,0.0755501357246751,0.96244685872894
0.0118187668190467,0.0209302402046413,0.837323527947202
0.0164625575238278,0.0570785884599207,0.865465397592269
0.0146238994650029,0.0554536203729081,0.834024199033759
0.0179668889923619,0.122328800770765,0.653460092961806
0.00956915263413114,0.0494103077894031,0.893435806727695
0.0148232253624677,0.035412489997352,0.682669037729515
0.00681688726655036,0.0135037185317045,0.971127097424665
0.0175807463615238,0.0907441398085459,0.833114886484222
0.0177074389147852,0.0793866159466038,0.940997043631702
0.0224460569165832,0.108228954649038,0.86283434966644
0.0134457422500819,0.0689950791889911,0.970528346800372
0.0313238644481009,0.141678123837608,0.747937847305271
0.0201199447943293,0.126312939505632,0.85660114652646
0.0113821403908863,0.142992216969832,0.791398173894232
0.0118000696914773,0.0702706555534211,0.908835766090341
0.0181266974648864,0.0731152504332371,0.810694918200378
0.0134312535382163,0.0915397701523123,0.886525046347866
0.0128724648313126,0.168644922663332,0.704895697988166
0.0135554699484452,0.111744627330756,0.961579242366346
0.0115652484084934,0.214801638117897,0.989828519227307
0.0137829768661928,0.113306837480258,0.784631694114105
0.0138468588553742,0.0630656293888721,0.775307832189972
0.0173457952833554,0.044778590311617,0.676448054778307
0.0123388268904318,0.126175625491328,0.801166669265334
0.0103763454935327,0.114513430738879,0.878769685514169
0.0162796750235365,0.112184103772435,0.881964078581539
0.016812472590003,0.0832168368515496,0.836253296286859
0.0218646377478653,0.0678614963755852,0.96045293795966
0.0211998708118578,0.0251737243443149,0.730835699515692
0.00831585548119126,0.0208824835455518,0.864468414729152
0.0221431139915113,0.0784843513422232,0.670200373956678
0.0158989880700833,0.0905584163581891,0.829313714964227
0.0120790999897516,0.149703631959964,0.909441193150708
0.0233298070823276,0.103249701002299,0.863572236282011
0.0184046183055283,0.0176483565343338,0.887734504402596
0.0174810974903279,0.115322807138544,0.919322565404295
0.0129828224052426,-0.00325860988977991,0.907087011660331
0.012758902875248,0.0356356680728146,0.963308085365004
0.0136377700553767,0.0755272587783804,0.76830712721677
0.00595603662845806,0.106881613476659,0.91297981294635
0.0163092007740718,0.130473216286823,1.09012398788317
0.0153031028475694,0.108211756930629,0.810387754289216
0.0166828326664826,0.0735621211700747,0.822235730184712
0.0141081904971853,0.0423864500637762,0.817942803611167
0.0133995664582565,0.0864411148521579,0.989360098566647
0.0131048106377271,0.0836360930490704,0.755557614294052
0.0133682788243964,0.00589923482524285,0.911944704894475
0.0184781868685835,0.0481661425441451,0.841537377083904
0.0169878641798451,0.0684176761341892,0.982172016775959
0.0190603773219806,0.0542071983133411,0.690136925875162
0.0105978241121477,0.00614300227351777,0.77700130924285
0.0165948428871587,0.0303345366341796,0.669002607544987
0.0201547597179036,0.0930737722315955,0.699078998265823
0.00466259598474931,0.0895726197649267,0.944936945230002
0.0129059598263091,0.0489882707662609,0.877002647167923
0.0237028608310565,0.0551174754078511,0.722255881264301
0.0117992126690741,0.167861116764871,0.755519610150226
0.0104339934280811,-0.00717374221668568,0.828834239985581
0.0147154583320014,0.217205388091598,1.03652728355967
0.0212189710725497,0.0939754180764976,0.743264080124909
0.0171173758579381,0.11064875090366,0.88166941769288
0.0106562680310168,-0.0050995391630576,0.884878577989155
0.020384369818861,0.0404988712153093,0.849310325709334
0.0178816235605743,0.0671628439985624,0.854295387569907
0.0146375829796835,-0.0103904095596644,0.728564748988391
0.0160743214790755,0.0147098768895313,0.726635853337074
0.011542589270493,0.0754445341500916,1.00026191237938
0.0156533689703284,0.193166456362146,0.768360516378251
0.0199781510999271,0.0830645614419095,0.894047458214876
0.0190364367902811,0.00173548510421821,0.791425112283062
0.0127748992099681,0.0934004816365563,0.845594056871322
0.0210148236922472,0.114825683070076,0.946509982983024
0.0169415356037514,0.0903483184854487,0.685896737430261
0.0133677625460061,0.0314110350941761,0.880248668634551
0.0126809163148692,0.101660619334364,0.688347078964137
0.0191949964964169,0.0428940794967073,0.808973859403196
0.0123773400235228,0.0893034087973105,0.761576589387131
0.0189964508062168,0.0495654076589968,0.78256916164503
0.019405991201565,0.06129517990805,0.78225671583527
0.0126046658693023,0.0413633219776423,0.847609221224171
0.0146957013695334,0.0273242646940637,0.699388416344803
0.029880510739113,0.164148357660324,0.915433077997887
0.0201970107042376,0.183300821708585,0.738962469101419
0.0138040962253859,0.12680049131881,0.725621427312797
0.0112398213878767,0.0815263333533363,0.737604658260986
0.0205723089660758,0.014923123654594,0.900663341930011
0.0121996549386879,-0.00457364063700909,0.926636070620573
0.0236679829974045,-0.0378801365750771,0.880476063736729
0.0127742882385783,0.114677399156615,0.844779022959697
0.00588241960220556,0.196302401308613,0.819250975106374
0.0144848373577004,0.159039750802735,0.731007958367451
0.0141838959025049,0.0552488941961564,0.753528983424281
0.01825659866505,0.110449444667174,0.823169849054851
0.00313586349670263,0.0488685152315409,0.905696797942833
0.012319511095878,0.0317820457564748,1.04663802637478
0.0162693538130982,0.111688520893431,0.882836443431274
0.00863110522153551,0.0554737559493199,0.796828762794026
0.0199527499291021,0.0379453116451925,0.679529058432357
0.017457385528518,0.118409174330708,0.763292055420949
0.0178296216343929,0.05338450148045,0.892732242303832
0.0164582651367324,0.0857554426764089,0.931155853105861
0.0158281084960968,0.0498530420765573,0.93936445821604
0.0169840910961867,0.0769796983283221,0.985837090224685
0.0129915408157134,0.0984418505311369,0.928318972657456
0.0122921672211975,0.0780523562243963,0.758517474981839
0.0226653554679102,0.044232604883451,0.890878956810827
0.0126732023691198,0.0936597031080373,0.708071165545639
0.0146455956061175,0.176156524991482,0.775231144540088
0.0118267832052196,0.0880202886334963,0.922749715836112
0.0151853478479591,0.079343754291383,0.927122078642141
0.00276645597748034,0.151482915042592,0.662073192653708
0.0175241219730188,0.0172433195350392,0.821066062393239
0.0108989984460058,0.0552195603017928,0.74938090958188
0.0193119227405451,-0.0466075956904752,0.809284451530236
0.00692978993739239,0.07931631339963,0.723479254291783
0.0128344928071017,0.0855440021948002,0.881700211018341
