Time_s,Position_X,Position_Y,Position_Z
0,-1.28929212664766e-05,0.499990726545121,4.86096835239015e-05
0.01001001001001,0.031450167802092,0.499004336584664,0.00200587755278657
0.02002002002002,0.0627358715912269,0.496074990498017,0.00400968293936891
0.03003003003003,0.093774429142418,0.491094435682366,0.00603241370394037
0.04004004004004,0.12443554226049,0.484268309989418,0.00798847707189912
0.0500500500500501,0.154656332380479,0.475460131569976,0.0100128039772602
0.0600600600600601,0.184217886295843,0.464813609034386,0.0119922480463206
0.0700700700700701,0.213104581849882,0.452304617915459,0.0139631913460177
0.0800800800800801,0.241099165907864,0.438033792043275,0.0160000807378808
0.0900900900900901,0.26815579072321,0.422014588425173,0.0180322778978007
0.1001001001001,0.294145417450075,0.404311318115751,0.0200303367255898
0.11011011011011,0.318978537105124,0.385040268890038,0.0220527591552684
0.12012012012012,0.34253687442537,0.36425103152254,0.0240363784865351
0.13013013013013,0.364753780330371,0.341986606326746,0.0260240397557006
0.14014014014014,0.385529468477553,0.318386365077884,0.0280168032089536
0.15015015015015,0.404760582016715,0.293498257605303,0.0300286666858702
0.16016016016016,0.422414756545798,0.267470661129378,0.0320473122929119
0.17017017017017,0.438402788305062,0.240386819294731,0.033993296584677
0.18018018018018,0.452646970289253,0.212385458057759,0.0360267187318829
0.19019019019019,0.465065393802071,0.183469822721798,0.038046457980995
0.2002002002002,0.475724666923683,0.153921583947896,0.0400573069423533
0.21021021021021,0.484443621273944,0.123679215066198,0.0420569407302832
0.22022022022022,0.491254005278361,0.0930139397535091,0.0440274227501079
0.23023023023023,0.496140672227456,0.0619415685714402,0.0460281786802637
0.24024024024024,0.499033428495631,0.0306697433662405,0.0480612114003085
0.25025025025025,0.499979702715375,-0.000776986486634076,0.0500651862634383
0.26026026026026,0.498958502213875,-0.0322101726760364,0.0520885798209391
0.27027027027027,0.495935839270179,-0.0635214534769419,0.0540606248701251
0.28028028028028,0.490972710103332,-0.0945801684412742,0.0560438602694717
0.29029029029029,0.484088827803793,-0.125240121727034,0.0580683095231465
0.3003003003003,0.475255125350666,-0.155436166976187,0.0600349963873959
0.31031031031031,0.464553126347096,-0.184979580810158,0.0620891128836977
0.32032032032032,0.451987183967412,-0.21381694092037,0.0640231939525533
0.33033033033033,0.437679399140334,-0.24180602788874,0.0660416584568647
0.34034034034034,0.421596439639639,-0.268817399323834,0.068065260274135
0.35035035035035,0.403832663459468,-0.294802962794833,0.0700622235201794
0.36036036036036,0.384568775729616,-0.319580017942823,0.0720652736953879
0.37037037037037,0.363677903884303,-0.343104611878924,0.0740608169629255
0.38038038038038,0.341394701965844,-0.36528510057997,0.0760620529158872
0.39039039039039,0.317761302642932,-0.38600814440844,0.0780359409594003
0.4004004004004,0.292876580629547,-0.405229253075886,0.0800537882137345
0.41041041041041,0.266834273052884,-0.422843319357361,0.0820662711938884
0.42042042042042,0.239694266160543,-0.438833074836668,0.0840681417632985
0.43043043043043,0.211695112901405,-0.452937299447794,0.0860776265672901
0.44044044044044,0.182771229726016,-0.465388873160543,0.0881075497829136
0.45045045045045,0.153177794110807,-0.475957631889284,0.0900857395669
0.46046046046046,0.122955527912038,-0.484674726483467,0.0920784711163658
0.47047047047047,0.0922256089114901,-0.491434736546539,0.0941393894332451
0.48048048048048,0.0611442975986522,-0.496222724592796,0.0960642450482951
0.49049049049049,0.0298699123854187,-0.499092940166181,0.0981027093666808
0.500500500500501,-0.00154281626658401,-0.500019976748363,0.100120642796162
0.510510510510511,-0.033001127109668,-0.498934371361765,0.102084074891847
0.520520520520521,-0.0643224479828783,-0.495898613824559,0.104097021541
0.530530530530531,-0.0952922022216564,-0.490837828555039,0.106114806562933
0.540540540540541,-0.126000508666061,-0.483859540869269,0.10808586390608
0.550550550550551,-0.156158309284199,-0.474980744471932,0.110150209573446
0.560560560560561,-0.185730358516996,-0.464237982931014,0.112096929371138
0.570570570570571,-0.214503481093599,-0.451656133277483,0.114117781577046
0.580580580580581,-0.242431399720577,-0.437279776052056,0.11610419854168
0.590590590590591,-0.269458260095637,-0.421164051790202,0.118116016435821
0.600600600600601,-0.295444660375691,-0.403410081364247,0.120115029295957
0.610610610610611,-0.320167110568797,-0.384049156617052,0.122132169375731
0.620620620620621,-0.343692246389725,-0.363139920204324,0.124171336772735
0.630630630630631,-0.365846416355778,-0.340838080954936,0.126131521285725
0.640640640640641,-0.386536984837542,-0.317141627646247,0.128120047084973
0.650650650650651,-0.405706198767061,-0.292224092123424,0.130098044538422
0.660660660660661,-0.423244032230727,-0.266181429436744,0.132217291564691
0.670670670670671,-0.439149292995051,-0.239027619521673,0.134142789706555
0.680680680680681,-0.453335982975751,-0.210931299514056,0.136180948178907
0.690690690690691,-0.465669729947233,-0.182059618544269,0.138166049549742
0.700700700700701,-0.476205611419951,-0.15239728065019,0.140164097402957
0.710710710710711,-0.484863967261048,-0.122182867147288,0.142160780354903
0.720720720720721,-0.491559749615213,-0.0914563673244775,0.144161503782788
0.730730730730731,-0.496346660198346,-0.0603741247611113,0.146152477489055
0.740740740740741,-0.499170961921982,-0.0290687268530786,0.148167102598429
0.750750750750751,-0.499986241063871,0.00236253965467527,0.150135402333566
0.760760760760761,-0.498839964536603,0.0338052173239628,0.15217397790659
0.770770770770771,-0.495761403799032,0.0650236064011536,0.154143161736964
0.780780780780781,-0.490672347755288,0.0961188426709449,0.156182003264577
0.790790790790791,-0.483665092315247,0.126786007436587,0.158127942448399
0.800800800800801,-0.474781424172662,0.156910317620806,0.16017659362224
0.810810810810811,-0.463959443805504,0.18643131781742,0.16214273109757
0.820820820820821,-0.451308644406555,0.215243611503864,0.164177782903424
0.830830830830831,-0.436934459263304,0.243149462678301,0.166146505861304
0.840840840840841,-0.420726123373883,0.270153447161761,0.168138744520906
0.850850850850851,-0.402951298591424,0.296031271100501,0.170172173440088
0.860860860860861,-0.383506932247793,0.320802561648262,0.172180431661673
0.870870870870871,-0.362598382864238,0.344288826549377,0.17418734672504
0.880880880880881,-0.340256986776167,0.366395300723537,0.176197118484034
0.890890890890891,-0.316545538410224,0.387063570433293,0.178184189868393
0.900900900900901,-0.291597064124202,0.406197836514808,0.180159940269198
0.910910910910911,-0.265439316917439,0.423704124405169,0.182191573524995
0.920920920920921,-0.238337142592554,0.439507812470281,0.184186744216267
0.930930930930931,-0.210235532227944,0.453682436312792,0.186142127518634
0.940940940940941,-0.181312317931885,0.465959623911053,0.188200963512486
0.950950950950951,-0.151651669828561,0.47641807138343,0.190177521021838
0.960960960960961,-0.121447793048358,0.485029953696379,0.192168740195026
0.970970970970971,-0.0906617899185356,0.491720865303538,0.194195285701626
0.980980980980981,-0.0595902651308818,0.496401400963875,0.196165287763501
0.990990990990991,-0.0282860207588268,0.499212947625292,0.198181210395601
1.001001001001,0.0031560487881169,0.499999329953698,0.200201631169255
1.01101101101101,0.0345609114780947,0.498813691854633,0.202221418054459
1.02102102102102,0.0658868793952725,0.495644723671638,0.204229136922294
1.03103103103103,0.0968677505362869,0.490558850657329,0.206172144821762
1.04104104104104,0.127511513128521,0.483439049522347,0.208184456548421
1.05105105105105,0.157626236343537,0.474480701568094,0.210236857105168
1.06106106106106,0.187171204088882,0.463646347128538,0.21219660689754
1.07107107107107,0.215947801663755,0.451001983691098,0.214194944470764
1.08108108108108,0.243820851656203,0.436498449278226,0.216212062255859
1.09109109109109,0.270791529228566,0.420299962765612,0.218205857782136
1.1011011011011,0.296700299147355,0.402480265200767,0.220245702106424
1.11111111111111,0.32139278782305,0.383004952886635,0.222248122325799
1.12112112112112,0.344820315135202,0.362048088259921,0.22419924494161
1.13113113113113,0.366942018827425,0.339686507650499,0.226267550868016
1.14114114114114,0.387530777956058,0.315932385794389,0.228190326243896
1.15115115115115,0.406623146050615,0.290942541734381,0.230213324505738
1.16116116116116,0.424085743194255,0.264808127420839,0.232250895668733
1.17117117117117,0.439903882625399,0.237603096825606,0.234238797942144
1.18118118118118,0.453983861922554,0.209546132805001,0.236257765171291
1.19119119119119,0.466224866739937,0.180575999915878,0.238253090913194
1.2012012012012,0.476666327023945,0.150903490150877,0.240225121877926
1.21121121121121,0.485221349320643,0.120672963483243,0.24221034580514
1.22122122122122,0.491862824634015,0.089925254247069,0.244272510837587
1.23123123123123,0.496561705282732,0.0588255464994552,0.24623984076786
1.24124124124124,0.499214323853141,0.0275397838684032,0.248229272340976
1.25125125125125,0.500010923728665,-0.00393242238669467,0.250272228024387
1.26126126126126,0.498726264826696,-0.0353756398149211,0.25223604902567
1.27127127127127,0.495554864269953,-0.0666338583951454,0.254221558730028
1.28128128128128,0.490396709109331,-0.0976401338532394,0.25625229099351
1.29129129129129,0.483250757821097,-0.128253656842458,0.258307502074138
1.3013013013013,0.474291639655292,-0.158395296491124,0.260256280329449
1.31131131131131,0.463345548834992,-0.18790289973524,0.262248375637611
1.32132132132132,0.450652457262506,-0.21666626004385,0.264274923642271
1.33133133133133,0.436144700863327,-0.244543580343196,0.266273786374106
1.34134134134134,0.419848301693928,-0.271462917480805,0.268250980721906
1.35135135135135,0.401986622639885,-0.297291810540382,0.270279951013525
1.36136136136136,0.382542522026331,-0.321998626202913,0.272283698427216
1.37137137137137,0.361529863400576,-0.345333669411335,0.274276678252804
1.38138138138138,0.339128739301053,-0.367424975850862,0.276296750970843
1.39139139139139,0.315340183536762,-0.388028560767041,0.278284563959692
1.4014014014014,0.290312475503564,-0.407087854800364,0.280328569452817
1.41141141141141,0.264129216944964,-0.424520237490419,0.28224829483735
1.42142142142142,0.236936026781658,-0.440290168090593,0.284267871013203
1.43143143143143,0.208792792713634,-0.454333664610939,0.286262264704972
1.44144144144144,0.179856551125509,-0.466563391914736,0.288286403154517
1.45145145145145,0.150168023639637,-0.476917757745584,0.29030194297177
1.46146146146146,0.119882928883024,-0.485422543897117,0.292316302153087
1.47147147147147,0.0891306856299275,-0.492004300714978,0.294317422453279
1.48148148148148,0.0580330504849188,-0.496635285551818,0.296313053572243
1.49149149149149,0.0267104706358005,-0.499276663312083,0.29833258325836
1.5015015015015,-0.00472600384890696,-0.500010386615995,0.300317860138768
1.51151151151151,-0.0361588556395129,-0.498660306660986,0.302299303623947
1.52152152152152,-0.0674015143846903,-0.495421931077149,0.304291099068712
1.53153153153153,-0.0984407776614258,-0.490229859684878,0.306317758311087
1.54154154154154,-0.129012440208219,-0.483056708700791,0.308325485539031
1.55155155155155,-0.159126388278153,-0.474009935795504,0.310307554998825
1.56156156156156,-0.188606168561967,-0.463066670031461,0.312320742069723
1.57157157157157,-0.217328501198739,-0.4502597901572,0.314294043625285
1.58158158158158,-0.245197378262529,-0.435712558504739,0.316367581081958
1.59159159159159,-0.272111673939808,-0.419441054605515,0.318322886136427
1.6016016016016,-0.297941859106653,-0.401551679930322,0.320287117854391
1.61161161161161,-0.322589847148444,-0.382000898649349,0.322293485318879
1.62162162162162,-0.345964752624739,-0.36097808835335,0.324292205507183
1.63163163163163,-0.367943144327458,-0.3385074404003,0.326314378384555
1.64164164164164,-0.388527160383282,-0.314707996844034,0.328316355588734
1.65165165165165,-0.407544213944602,-0.289665252649875,0.330343380209053
1.66166166166166,-0.424953188359337,-0.263458968598982,0.332318111617608
1.67167167167167,-0.440688341163363,-0.236250326049332,0.334365094699003
1.68168168168168,-0.454639750079139,-0.208122134058104,0.336341397647694
1.69169169169169,-0.466816264447062,-0.179091546381724,0.338345430006011
1.7017017017017,-0.477191327112603,-0.149411036794607,0.340339648059435
1.71171171171171,-0.485620119002055,-0.119112757399876,0.342367164033312
1.72172172172172,-0.492124724289879,-0.088357028994959,0.3443580933506
1.73173173173173,-0.496685907216989,-0.0572547464518722,0.34634574595939
1.74174174174174,-0.499339130544494,-0.0259606939286916,0.348370160547223
1.75175175175175,-0.499969172034714,0.00549854183570704,0.350327156100391
1.76176176176176,-0.498645381671851,0.0369215681301162,0.352361775970587
1.77177177177177,-0.495312539658539,0.0682112439182106,0.354345143918383
1.78178178178178,-0.490086568975383,0.0992144814914617,0.356363373728314
1.79179179179179,-0.482847028475649,0.129763475426918,0.358348682932158
1.8018018018018,-0.473748046610108,0.159903766289673,0.360388729507929
1.81181181181181,-0.462780869315826,0.189358120671985,0.362390902146895
1.82182182182182,-0.449929236038075,0.218033019474185,0.364348028210473
1.83183183183183,-0.435325157506344,0.245897040046437,0.366364283742269
1.84184184184184,-0.419027427565724,0.272804303234837,0.368381926652413
1.85185185185185,-0.401101654820631,0.298564430716904,0.370387441318602
1.86186186186186,-0.381492519046526,0.323186208617324,0.372398251521837
1.87187187187187,-0.36041502779434,0.346553351023557,0.374370050283481
1.88188188188188,-0.337943015435249,0.368491697373845,0.376359183924465
1.89189189189189,-0.314121036885229,0.389001509721465,0.378394296337987
1.9019019019019,-0.289019043101559,0.408029008095137,0.380407355807614
1.91191191191191,-0.262812318469621,0.425370789255823,0.382392685087235
1.92192192192192,-0.235523769740863,0.441026908445189,0.384361316962196
1.93193193193193,-0.207368928304981,0.454945903330473,0.386404982044923
1.94194194194194,-0.178375475343268,0.467129310251592,0.388423519339894
1.95195195195195,-0.148650002393519,0.477367017513948,0.390404433860194
1.96196196196196,-0.118369541217036,0.485759250636253,0.392406432366763
1.97197197197197,-0.0875851145718666,0.492252863927867,0.394356417212478
1.98198198198198,-0.0564771513894679,0.496774371709055,0.396402931146035
1.99199199199199,-0.0251733770085106,0.499369338405758,0.398386189413829
2.002002002002,0.00627157065207136,0.499948863689127,0.400420302507588
2.01201201201201,0.0376869903573328,0.498582588724468,0.402378367624707
2.02202202202202,0.0689602600269542,0.495194921685627,0.40437071760784
2.03203203203203,0.0999412093586988,0.489898925716085,0.406409341871158
2.04204204204204,0.130552598372004,0.482605393700891,0.408380532617085
2.05205205205205,0.160625946302969,0.473513538118301,0.410373200951915
2.06206206206206,0.190052282939483,0.462493277048028,0.412415060234209
2.07207207207207,0.218737384474334,0.449616504555476,0.414416545458301
2.08208208208208,0.246594345340402,0.434968298179104,0.416388527501391
2.09209209209209,0.273404591825528,0.418583034685092,0.418384360410896
2.1021021021021,0.2991975152611,0.400581738808756,0.420440102864676
2.11211211211211,0.323815251104771,0.380993955542452,0.422423263619965
2.12212212212212,0.347109355880766,0.359873910188514,0.424393789792973
2.13213213213213,0.369037700922954,0.337417321042239,0.426438074749242
2.14214214214214,0.389512562658888,0.313478380041544,0.428390826665794
2.15215215215215,0.408431956529352,0.28840017421627,0.43044470690839
2.16216216216216,0.425772110971184,0.262150468560852,0.432425351410507
2.17217217217217,0.441366216985249,0.234892695373099,0.43446543922593
2.18218218218218,0.455298041458493,0.206654824512336,0.436450086851901
2.19219219219219,0.467385853426984,0.177661210151771,0.43843126149797
2.2022022022022,0.4776230619667,0.147923404752741,0.440441350579055
2.21221221221221,0.485943810793786,0.117630429363404,0.442423784079085
2.22222222222222,0.492377038703257,0.0868139950583687,0.444442043219798
2.23223223223223,0.496891503228925,0.0557128778236828,0.446409309255723
2.24224224224224,0.499408759907232,0.0243873367433733,0.448423699054864
2.25225225225225,0.499981688994883,-0.00706697115728655,0.450417683287937
2.26226226226226,0.498507953593391,-0.0384593503648068,0.452446150930564
2.27227227227227,0.495121202772653,-0.0697426296715644,0.454427579605881
2.28228228228228,0.489758667970506,-0.100743805824917,0.456473191997533
2.29229229229229,0.482428009712969,-0.131311233457075,0.458472279668866
2.3023023023023,0.473255790448681,-0.161379383799622,0.460495159160481
2.31231231231231,0.462184685440289,-0.190829166838885,0.462462962186108
2.32232232232232,0.449283634697689,-0.219487076551669,0.464451555625068
2.33233233233233,0.434572719292587,-0.247278799831231,0.466470147234183
2.34234234234234,0.418155293848313,-0.274083215992803,0.468492102228776
2.35235235235235,0.400126763129181,-0.299837989973781,0.470468297880286
2.36236236236236,0.380508867479261,-0.324363224562371,0.472467946415472
2.37237237237237,0.35934612600698,-0.347644269984218,0.474481844316121
2.38238238238238,0.336763138995448,-0.369569332652993,0.476487618990089
2.39239239239239,0.312865465633751,-0.390008005555386,0.478469143611359
2.4024024024024,0.28776209684612,-0.408892810891715,0.480428756253372
2.41241241241241,0.261499540114412,-0.426165340541085,0.48250293347987
2.42242242242242,0.234190123946322,-0.441753096692849,0.484527696035281
2.43243243243243,0.205965779312145,-0.455626080894374,0.486504403781374
2.44244244244244,0.17690976306151,-0.467640697131365,0.488488566514079
2.45245245245245,0.147157143348895,-0.477824714753769,0.490493799300306
2.46246246246246,0.11684483665057,-0.486140009969802,0.492484413404363
2.47247247247247,0.0860372202214452,-0.49253561156992,0.494517823529338
2.48248248248248,0.0549109233060651,-0.496996879813898,0.496490685517812
2.49249249249249,0.0236260413519496,-0.499433885495195,0.498478416359601
2.5025025025025,-0.00785618604748699,-0.499930163464633,0.50050724910514
2.51251251251251,-0.0392561016042703,-0.498475324475159,0.502505746132895
2.52252252252252,-0.0705212175995665,-0.494985027294262,0.504531333688217
2.53253253253253,-0.101488304668616,-0.489589409790724,0.506510142898637
2.54254254254254,-0.132064972996508,-0.482230337172238,0.508503341294436
2.55255255255255,-0.162131873516181,-0.472957429383268,0.510497186931247
2.56256256256256,-0.191531261120514,-0.461889150176803,0.512501770276983
2.57257257257257,-0.220155225414345,-0.448947682963118,0.514517278507212
2.58258258258258,-0.247977589891218,-0.434192400644916,0.51652634603182
2.59259259259259,-0.274728373758939,-0.41777230223269,0.518513709859226
2.6026026026026,-0.300481065984756,-0.399636272068353,0.520519930903958
2.61261261261261,-0.32498686271568,-0.379982721519449,0.522530180680009
2.62262262262262,-0.348228210435062,-0.358815033230096,0.524526339901746
2.63263263263263,-0.370052872666024,-0.336177587060784,0.5265204129143
2.64264264264264,-0.390488970055598,-0.312263678104062,0.52853607875339
2.65265265265265,-0.409381163561925,-0.287128517961259,0.530533790587347
2.66266266266266,-0.426595384223921,-0.260825775065529,0.532505563305968
2.67267267267267,-0.442119452288931,-0.233469820629679,0.534547526055559
2.68268268268268,-0.455934126916998,-0.205281524469467,0.536523549719886
2.69269269269269,-0.467945204531095,-0.17618092930826,0.538560730196658
2.7027027027027,-0.478118551806435,-0.146409669387668,0.54053157937143
2.71271271271271,-0.486375365656076,-0.116105781508027,0.542514241769426
2.72272272272272,-0.492680243768924,-0.0852618719959797,0.544530152144776
2.73273273273273,-0.497048636789785,-0.0541551254907571,0.546504082002952
2.74274274274274,-0.499496666860392,-0.0227956452601842,0.548540496104803
2.75275275275275,-0.499982351686978,0.00866021064179854,0.550533069304802
2.76276276276276,-0.498394212753567,0.0400234817485935,0.552533114575318
2.77277277277277,-0.494877493853863,0.071297381523523,0.554531568341707
2.78278278278278,-0.489395051194494,0.102286654855561,0.556576712874983
2.79279279279279,-0.482026216408419,0.132836824193556,0.558573145471533
2.8028028028028,-0.472735778630034,0.162851322045134,0.560562334464031
2.81281281281281,-0.461574775113311,0.19224726448831,0.562584733426833
2.82282282282282,-0.448554759954673,0.220833325750474,0.564580328035459
2.83283283283283,-0.433803069651469,0.248630336899938,0.566596843353734
2.84284284284284,-0.417274688603612,0.275426027111211,0.568567271706617
2.85285285285285,-0.399137901737793,0.301093911201766,0.570560521330667
2.86286286286286,-0.379518947704674,0.325630675655655,0.572563165307862
2.87287287287287,-0.358240142873798,0.348778617567646,0.574545275608958
2.88288288288288,-0.335629976789955,0.370641556040818,0.576546813432627
2.89289289289289,-0.311656347078127,0.390942950073063,0.578573871207421
2.9029029029029,-0.286463347694692,0.409811094681625,0.580611100256323
2.91291291291291,-0.260146259205774,0.427032223475475,0.582583455795916
2.92292292292292,-0.232773133930179,0.442506449878784,0.584610396437907
2.93293293293293,-0.204520952723503,0.456323451425241,0.586613407899069
2.94294294294294,-0.175431910688794,0.468186177637824,0.588615073624349
2.95295295295295,-0.145610450755265,0.47827812835131,0.590569857943369
2.96296296296296,-0.115338167749196,0.486547052549862,0.592600443247308
2.97297297297297,-0.0844857171189135,0.492793905823395,0.594567063559875
2.98298298298298,-0.0533198153084327,0.497148538481153,0.59655976201991
2.99299299299299,-0.022029462209392,0.49947835553188,0.598573745558603
3.003003003003,0.00941710773800781,0.499874800246973,0.600640916782968
3.01301301301301,0.0408348838231335,0.498361075602615,0.602602103124421
3.02302302302302,0.0720546913870755,0.494761377344111,0.604560029283935
3.03303303303303,0.103033829077674,0.489268886612316,0.606589180799184
3.04304304304304,0.133555689036586,0.481818500514781,0.608636377710501
3.05305305305305,0.163572582602336,0.472502420310963,0.610579159051181
3.06306306306306,0.193014404318234,0.461246612516216,0.612595373078581
3.07307307307307,0.221587804042142,0.448213141347648,0.614592197778095
3.08308308308308,0.249305951961164,0.433438229944739,0.616607317728875
3.09309309309309,0.276078317434272,0.416896230111109,0.618626850284263
3.1031031031031,0.301734555419265,0.398700430760307,0.620621387752849
3.11311311311311,0.326180295718662,0.37893009568228,0.622599406636545
3.12312312312312,0.349331024698221,0.357676512957734,0.624601365980386
3.13313313313313,0.371163579193856,0.335031930448436,0.626613394624933
3.14314314314314,0.391480600502867,0.311058895151293,0.628614854211394
3.15315315315315,0.410226146325863,0.28585920201127,0.630642469169097
3.16316316316316,0.42739663275095,0.259494063458653,0.632626093796496
3.17317317317317,0.44285407936351,0.232119090348955,0.63468261379699
3.18318318318318,0.456560652710085,0.203783092518742,0.636647199207768
3.19319319319319,0.468496093882932,0.174707954455384,0.638632608773572
3.2032032032032,0.47850602022081,0.144894284718311,0.640618478605432
3.21321321321321,0.486705552396538,0.114553787870972,0.6426206771746
3.22322322322322,0.492914261265999,0.083749825636058,0.644645147690317
3.23323323323323,0.497243650321885,0.0525419975279034,0.646626313033852
3.24324324324324,0.499569798139255,0.0212453386749823,0.648630466252528
3.25325325325325,0.499874323591179,-0.0102329756729712,0.650656630517909
3.26326326326326,0.498274492663973,-0.0416320191383041,0.65267179060087
3.27327327327327,0.494650963793106,-0.0728430617674653,0.654625995606681
3.28328328328328,0.4891318348433,-0.103776769877419,0.656665805103714
3.29329329329329,0.481600806899952,-0.134359510920851,0.658685035208855
3.3033033033033,0.472189459996356,-0.164329751648441,0.660677017679228
3.31331331331331,0.460943488213152,-0.193687332793578,0.662654428781749
3.32332332332332,0.447842560214163,-0.222270972685624,0.664654309478586
3.33333333333333,0.43299665929847,-0.24999959383617,0.66669797778572
3.34334334334334,0.416446878519667,-0.276714843963917,0.668681722921862
3.35335335335335,0.398207561713287,-0.302353911953683,0.670686389336527
3.36336336336336,0.378449309530861,-0.32680367064995,0.672706716447501
3.37337337337337,0.357154442822657,-0.349913889040605,0.67468780619041
3.38338338338338,0.334444007405218,-0.371693125356224,0.676664433584214
3.39339339339339,0.310377890448462,-0.391955173354423,0.678699755598901
3.4034034034034,0.285139276108873,-0.410686430800801,0.680663257090346
3.41341341341341,0.258759973976565,-0.427806833227777,0.682684040972993
3.42342342342342,0.23144410270652,-0.44321812016492,0.684695885645677
3.43343343343343,0.20311970477387,-0.456918358140209,0.686691670076696
3.44344344344344,0.173995976765585,-0.46875477697457,0.688660940960076
3.45345345345345,0.144183619802074,-0.478773898368218,0.690682394994726
3.46346346346346,0.113788589808314,-0.486880105138543,0.692701178676955
3.47347347347347,0.0829317510123808,-0.493040076401126,0.694673332307547
3.48348348348348,0.051788725611626,-0.497306367239278,0.696750959791297
3.49349349349349,0.0204101240202866,-0.499600320390425,0.698656301547267
3.5035035035035,-0.0110242143113458,-0.499863537810132,0.700643613248142
3.51351351351351,-0.0424114868957157,-0.498210234070636,0.702739833479209
3.52352352352352,-0.0736367653711325,-0.494597898667199,0.704694702047814
3.53353353353353,-0.104570910491211,-0.488975917527196,0.706665372931327
3.54354354354354,-0.135101984915142,-0.481388454130737,0.708690647092264
3.55355355355355,-0.165057750901761,-0.471963212785594,0.710706702438787
3.56356356356356,-0.194420754185631,-0.460656776844347,0.7127361806521
3.57357357357357,-0.223035720676922,-0.447513686218891,0.714705323395836
3.58358358358358,-0.250691290412759,-0.432640202400383,0.716657457525982
3.59359359359359,-0.277334707593202,-0.416024228886297,0.718733721791636
3.6036036036036,-0.302989314109833,-0.39776152885693,0.720703131096287
3.61361361361361,-0.327386425036077,-0.377938482099214,0.722737716550299
3.62362362362362,-0.350481220922836,-0.35659340749839,0.724720439389256
3.63363363363363,-0.372210040297967,-0.333861899301168,0.72674440580696
3.64364364364364,-0.392437375759144,-0.309817026131376,0.728739990577841
3.65365365365365,-0.41114563973781,-0.284509257456536,0.730757180251643
3.66366366366366,-0.428181650864279,-0.258135431697071,0.732741136916456
3.67367367367367,-0.44355729643286,-0.230672008917306,0.73471003849507
3.68368368368368,-0.457185143339704,-0.202349150731169,0.736733486491979
3.69369369369369,-0.469062339864519,-0.173231398684452,0.738725172718203
3.7037037037037,-0.479000537146758,-0.143380391272101,0.740731595170863
3.71371371371371,-0.487075353577948,-0.11305549997133,0.742741718253747
3.72372372372372,-0.493203111393211,-0.0822079519137519,0.744741153308613
3.73373373373373,-0.497373986675836,-0.0510372665396841,0.746753159884742
3.74374374374374,-0.499600725738491,-0.0196728632022212,0.748774793501717
3.75375375375375,-0.49984195185318,0.011765920388665,0.750732958181239
3.76376376376376,-0.498154601638698,0.0431860349003878,0.752742622576789
3.77377377377377,-0.494420403033067,0.0744463485033917,0.754774321098474
3.78378378378378,-0.488777169079301,0.10535696562694,0.756763055395853
3.79379379379379,-0.481189163276845,0.135842904782231,0.758752221361864
3.8038038038038,-0.471683798312722,0.165864484473475,0.760725768682264
3.81381381381381,-0.46037400018623,0.195161549921511,0.76273653257672
3.82382382382382,-0.447157027719778,0.223710034030765,0.764749590778393
3.83383383383383,-0.43222904125716,0.251368260951166,0.766763140757619
3.84384384384384,-0.415565538224462,0.278050751112387,0.768801363591999
3.85385385385385,-0.397272213732774,0.303597400763426,0.770795035907802
3.86386386386386,-0.3774161043069,0.327960565650132,0.772781794776776
3.87387387387387,-0.356043168847751,0.35106229725569,0.77479178259246
3.88388388388388,-0.33326103562614,0.372718936458434,0.776748376714764
3.89389389389389,-0.309175850852836,0.392983347300673,0.77879224157007
3.9039039039039,-0.283857204143881,0.411571303456074,0.780783461056171
3.91391391391391,-0.257434073016714,0.428625995340364,0.782779914629001
3.92392392392392,-0.230021369801349,0.443917139508048,0.784776623606454
3.93393393393393,-0.201659841346434,0.457524878416626,0.786789268848433
3.94394394394394,-0.172507341943653,0.469290040712003,0.788841916728217
3.95395395395395,-0.142622894790028,0.479216758604197,0.790792895750094
3.96396396396396,-0.112253559527556,0.487197391139819,0.792830568319952
3.97397397397397,-0.0813825039244294,0.493336932441083,0.794785669528561
3.98398398398398,-0.0502619974217075,0.497484185381595,0.796787771557343
3.99399399399399,-0.0188861819556981,0.49965298360082,0.798792570129809
4.004004004004,0.0126001997689803,0.49981449044222,0.800767595318601
4.01401401401401,0.0439601964260732,0.498062102348935,0.802823157867226
4.02402402402402,0.0751713666375021,0.494322071008089,0.804835333198323
4.03403403403403,0.106072910441864,0.488603600041814,0.806820137897877
4.04404404404404,0.136642598925553,0.480960593449976,0.808788315326872
4.05405405405405,0.166560288656426,0.471448050938792,0.81085098748127
4.06406406406406,0.195861055435475,0.460017920415131,0.812820492068547
4.07407407407407,0.224400734606014,0.446806725812544,0.814822234583983
4.08408408408408,0.252032685649079,0.431798228855618,0.816833448468067
4.09409409409409,0.278708928981662,0.415130396333512,0.818801039906566
4.1041041041041,0.304236932110608,0.396802540150035,0.820783036620386
4.11411411411411,0.328554550136245,0.376897302731273,0.822797580664738
4.12412412412412,0.351620942695512,0.355511608562989,0.824833535791188
4.13413413413413,0.37322955460643,0.332706738269216,0.826817927231553
4.14414414414414,0.393414493507785,0.308576202536867,0.828819839897132
4.15415415415415,0.412038899832808,0.283229672477606,0.830807578213137
4.16416416416416,0.429031147011859,0.256756843682008,0.832847048815483
4.17417417417417,0.444326172409289,0.229359513752714,0.834837868027934
4.18418418418418,0.457866254766354,0.200923494634563,0.83683717663263
4.19419419419419,0.469565400923192,0.171732867401352,0.838840325914004
4.2042042042042,0.479439356398365,0.141891746567986,0.840837947723347
4.21421421421421,0.487429037768021,0.111452482239596,0.842819759413223
4.22422422422422,0.493439059738768,0.0805834922398198,0.844807481653188
4.23423423423423,0.497535962587374,0.0494601449715769,0.846861596635374
4.24424424424424,0.499641385869597,0.0180787321708264,0.848832837442074
4.25425425425425,0.499820178562637,-0.0133540924945171,0.850842440389021
4.26426426426426,0.498013185524797,-0.0447171337793731,0.852845192983072
4.27427427427427,0.49420404650901,-0.0759662328279123,0.854827026969764
4.28428428428428,0.488408349316086,-0.106890160728023,0.856865281364586
4.29429429429429,0.480737490156721,-0.13736224310547,0.858865693194309
4.3043043043043,0.4711835797488,-0.16729300517469,0.86087698405166
4.31431431431431,0.459745163152675,-0.196586081007237,0.862848833821514
4.32432432432432,0.446434682694849,-0.225131620371805,0.864854893515164
4.33433433433433,0.431412831714232,-0.252734741961906,0.866857520421303
4.34434434434434,0.4146853396222,-0.279362434177161,0.868887921325556
4.35435435435435,0.396327799951606,-0.304849000300153,0.870860831171764
4.36436436436436,0.376400997312493,-0.329162835873619,0.872877355026484
4.37437437437437,0.354933405255138,-0.352151207338392,0.874879621762038
4.38438438438438,0.332109209206458,-0.373812368053277,0.876893879364511
4.39439439439439,0.307953165176166,-0.393915219646628,0.878861873916053
4.4044044044044,0.282609368447517,-0.412496403860165,0.880869732742868
4.41441441441441,0.256108530495902,-0.429436303316189,0.882863403047003
4.42442442442442,0.228645385866894,-0.444675069674904,0.884912847767166
4.43443443443443,0.200185629499704,-0.458156735705117,0.886869047527569
4.44444444444444,0.171020895479,-0.46984039484992,0.888933025854345
4.45445445445445,0.141206948197692,-0.479625443476303,0.890916326845908
4.46446446446446,0.110733444776068,-0.487596685539848,0.892877959924115
4.47447447447447,0.0798580234816453,-0.493579351509475,0.894896252529266
4.48448448448448,0.0486376859755496,-0.497640736012321,0.896918450677446
4.49449449449449,0.0172839842194913,-0.499673958282455,0.898904960681452
4.5045045045045,-0.0141593442223024,-0.499815721677774,0.9008723422325
4.51451451451451,-0.0455129257790171,-0.497967921101888,0.902900012351891
4.52452452452452,-0.0767306286366092,-0.494058195651153,0.904879476846584
4.53453453453453,-0.107625762304992,-0.488297683695713,0.906905960849648
4.54454454454454,-0.138138118416815,-0.480526195071553,0.908951231806724
4.55455455455455,-0.168019376921255,-0.470918907018009,0.910901791858813
4.56456456456456,-0.197316542189067,-0.459415088489861,0.9129045900263
4.57457457457457,-0.225777415771258,-0.446114436145892,0.914914727712821
4.58458458458458,-0.253402322905316,-0.431018546296761,0.916908272183929
4.59459459459459,-0.27999133759879,-0.414235836785318,0.918902705629595
4.6046046046046,-0.305535522508461,-0.395801569738465,0.920944855502879
4.61461461461461,-0.329753102471341,-0.375855457606699,0.922901101606526
4.62462462462462,-0.352722801913782,-0.354390492472915,0.924914039192048
4.63463463463463,-0.374288839821561,-0.331535419485919,0.926902421518681
4.64464464464464,-0.39442371829628,-0.307312665978247,0.92892683516824
4.65465465465465,-0.412919234500687,-0.28193983769573,0.930922854082711
4.66466466466466,-0.429776750238465,-0.25545152423354,0.93290424026774
4.67467467467467,-0.445078554446033,-0.227934883333242,0.934936536074718
4.68468468468468,-0.458488994834993,-0.199489107472592,0.936942800925228
4.69469469469469,-0.470085655158922,-0.170223670497666,0.93895336070925
4.7047047047047,-0.479881319352829,-0.140412005662291,0.940981620816327
4.71471471471471,-0.4877373368776,-0.109966239595713,0.942937481387751
4.72472472472472,-0.493676769520943,-0.0790473377969545,0.944974159346299
4.73473473473473,-0.497690893814359,-0.0478552171469063,0.946934493114922
4.74474474474474,-0.499706567502728,-0.0165314186478998,0.948954466945307
4.75475475475475,-0.499767710820494,0.0149615361058317,0.950955491431952
4.76476476476476,-0.497873551413499,0.0462833317399719,0.952943714604002
4.77477477477477,-0.49397114618628,0.0774828928693882,0.954954258634425
4.78478478478478,-0.488137171064003,0.108388045264472,0.95693699242968
4.79479479479479,-0.480303823928574,0.138883053315885,0.958969836943555
4.8048048048048,-0.470635780749569,0.168789528519342,0.960953217528684
4.81481481481481,-0.459121147055368,0.198024664101446,0.962980573043879
4.82482482482482,-0.445750694154261,0.226517710427266,0.964961217981427
4.83483483483483,-0.430632127397428,0.254067214427837,0.966959164471477
4.84484484484484,-0.413810055070286,0.280613918569853,0.968941150704611
4.85485485485485,-0.395340765819975,0.306075884806948,0.97097865171124
4.86486486486486,-0.375332201630876,0.33034943838505,0.972952197337428
4.87487487487487,-0.35386069381966,0.353273270987722,0.974965551448721
4.88488488488488,-0.330919265331942,0.374848782548341,0.976974770287936
4.89489489489489,-0.306727628373667,0.394892663894062,0.978980846069252
4.9049049049049,-0.281278761304736,0.413366263819498,0.980986643682369
4.91491491491491,-0.254729609159403,0.430203991499459,0.982984490798776
4.92492492492492,-0.227217669863757,0.44537663867316,0.984982771134948
4.93493493493493,-0.19878680089735,0.458773239572294,0.986979381967623
4.94494494494494,-0.169520418189306,0.47038892330468,0.988986638060003
4.95495495495495,-0.139626889199774,0.480127069009484,0.990983933955816
4.96496496496496,-0.109171586838436,0.487909553471866,0.993019112849953
4.97497497497497,-0.0783050975635057,0.493860926056446,0.995001477877044
4.98498498498498,-0.0471231311581238,0.497780166665362,0.996963791953017
4.99499499499499,-0.0157304723309043,0.499758329487507,0.998999425872549
5.00500500500501,0.0157204563959025,0.499740754294605,1.00100817259255
5.01501501501502,0.047109153350414,0.497814365544314,1.00296754139198
5.02502502502503,0.0783042377841198,0.493812280190852,1.00501478092134
5.03503503503504,0.109202118223879,0.487922484445676,1.00701269468882
5.04504504504505,0.13962031465537,0.480121613773851,1.0090035100338
5.05505505505506,0.169530300499098,0.470413043624717,1.01102159264304
5.06506506506507,0.198761941590258,0.458793495417854,1.01300914591894
5.07507507507508,0.227216887394738,0.445400576055751,1.01503692904343
5.08508508508509,0.25478291620191,0.430270550240933,1.01700654279376
5.0950950950951,0.281314866471722,0.413384975337062,1.01899208178886
5.10510510510511,0.306697626465772,0.394934630471283,1.02101746623102
5.11511511511512,0.330919879333239,0.374784472048722,1.02302730964197
5.12512512512513,0.353836365385224,0.353279175176821,1.02503107941481
5.13513513513514,0.375346230728892,0.330349688490151,1.02701320845115
5.14514514514515,0.39535032236403,0.306103640836778,1.02905074621895
5.15515515515516,0.413792258784732,0.280638426672472,1.03102028557389
5.16516516516517,0.430661818093324,0.254069485029242,1.03302694996616
5.17517517517518,0.445705265833354,0.226514228649183,1.03504357616297
5.18518518518519,0.459097906715239,0.198030391749025,1.03703600369428
5.1951951951952,0.470667860193986,0.168765663503182,1.03900841825952
5.20520520520521,0.480332951090223,0.1388501526608,1.041026619519
5.21521521521522,0.488074154026495,0.108430157350825,1.04303930120304
5.22522522522523,0.493976851868753,0.0775058367596254,1.04505465848933
5.23523523523524,0.497848071757833,0.0463332433198164,1.04705931805786
5.24524524524525,0.499769256173999,0.0149622702812662,1.04902487729314
5.25525525525526,0.499743661697082,-0.0164908668417824,1.05104905768656
5.26526526526527,0.497684243893018,-0.0478797458518436,1.05303515419239
5.27527527527528,0.493675247567286,-0.0790576833070133,1.05505082918229
5.28528528528529,0.487774351107091,-0.109927985620578,1.05709165505655
5.2952952952953,0.479887024988978,-0.140379109575001,1.05908123519046
5.30530530530531,0.470151686640708,-0.170292171381955,1.06106686567898
5.31531531531532,0.458475077765493,-0.19949126151617,1.06307006988144
5.32532532532533,0.444989053135176,-0.227908147541712,1.06507107908769
5.33533533533534,0.429845743818078,-0.255427441616457,1.06703349153124
5.34534534534535,0.412906026654032,-0.281949914905407,1.06908903665819
5.35535535535536,0.394427254441502,-0.30735504267789,1.07106194270109
5.36536536536537,0.374282921566233,-0.331488040339116,1.07307579832778
5.37537537537538,0.35269973954829,-0.354365994714492,1.07508070901017
5.38538538538539,0.329743157693739,-0.375867511758337,1.07710543281041
5.3953953953954,0.305474996172919,-0.395821446972143,1.0790358588127
5.40540540540541,0.280005066229887,-0.414238447625721,1.08104096554664
5.41541541541542,0.253409134732168,-0.431061781785247,1.08311791553822
5.42542542542543,0.225825438346202,-0.446099180964003,1.08509532122232
5.43543543543544,0.197345747828586,-0.459436656671379,1.08708047289193
5.44544544544545,0.168061647234922,-0.470887068207999,1.08910858520638
5.45545545545546,0.138130527531339,-0.480580412200316,1.09110724999317
5.46546546546547,0.107691171853141,-0.488321397657013,1.09309222255102
5.47547547547548,0.0767266041577245,-0.49408994768311,1.09507855662831
5.48548548548549,0.0455371722772541,-0.497946417117238,1.09709792392363
5.4954954954955,0.0141269592188346,-0.499833228219393,1.09912496541624
5.50550550550551,-0.017301089796914,-0.499672899632765,1.10111314592679
5.51551551551552,-0.0486085583573741,-0.497627368887531,1.10314609811495
5.52552552552553,-0.07986535811991,-0.49358623044223,1.10514089199061
5.53553553553554,-0.110678290518609,-0.48760698100417,1.1071120091218
5.54554554554555,-0.141127258043957,-0.479650286786215,1.10911793014168
5.55555555555556,-0.171033398272768,-0.469845654002456,1.11116258327805
5.56556556556557,-0.200175875266567,-0.458201185301646,1.1130884191661
5.57557557557558,-0.228571743449171,-0.444655569147233,1.11513036709551
5.58558558558559,-0.256119375238541,-0.42942272583309,1.11711887192831
5.5955955955956,-0.282551160596838,-0.412451968257845,1.11914391752109
5.60560560560561,-0.307972456277798,-0.393911741389785,1.121113018979
5.61561561561562,-0.332098684749056,-0.373773076875375,1.12314416502681
5.62562562562563,-0.354961719710434,-0.352177661850602,1.12513377567033
5.63563563563564,-0.376363319145734,-0.329151902414258,1.12711023609913
5.64564564564565,-0.396317830969912,-0.304844435075422,1.12913143096695
5.65565565565566,-0.414673018112297,-0.279334883818998,1.13110030511922
5.66566566566567,-0.431409472070751,-0.252692636851375,1.13317633071176
5.67567567567568,-0.446449473311139,-0.225078284530336,1.1350938763282
5.68568568568569,-0.459700821936964,-0.196605150804251,1.13716773209749
5.6956956956957,-0.471203069711893,-0.167305537961645,1.13915763019716
5.70570570570571,-0.480770003327812,-0.137414727392394,1.14111669145741
5.71571571571572,-0.488417150426988,-0.106876905623324,1.14316953010311
5.72572572572573,-0.494228475744054,-0.0759566907525466,1.14511448154952
5.73573573573574,-0.498029064963932,-0.0447713175084398,1.14715673953577
5.74574574574575,-0.499840710086163,-0.0133435421792662,1.1491579960798
5.75575575575576,-0.499652181329669,0.0180946040679582,1.15115978164437
5.76576576576577,-0.497538313990099,0.049461267972294,1.15315991176725
5.77577577577578,-0.493446526922974,0.0806180490083644,1.15515578375835
5.78578578578579,-0.48739893205743,0.111487267152298,1.15716874410731
5.7957957957958,-0.479431597290984,0.141882853709594,1.15915263397498
5.80580580580581,-0.469589540716658,0.171718425872505,1.16117094036668
5.81581581581582,-0.457843879400655,0.200950285871072,1.16315761710981
5.82582582582583,-0.444342386632917,0.229291037651589,1.16513334574832
5.83583583583584,-0.429079560085893,0.256753451055859,1.16717697923189
5.84584584584585,-0.412035389676347,0.283223536889096,1.16915923126354
5.85585585585586,-0.393420635178622,0.308548004107122,1.17117915520124
5.86586586586587,-0.373283701930982,0.332700772974223,1.17320405873613
5.87587587587588,-0.351588798928637,0.355471262842646,1.17514579295661
5.88588588588589,-0.328577752511547,0.376889730665159,1.17716298806281
5.8958958958959,-0.304191356591606,0.396784823667972,1.17919601779691
5.90590590590591,-0.278682203266146,0.415124482051193,1.18124939311178
5.91591591591592,-0.252079220642715,0.431819413426136,1.18317952167643
5.92592592592593,-0.224399158795531,0.446795102443195,1.1851732185892
5.93593593593594,-0.195854739858412,0.460066256621414,1.18719471405137
5.94594594594595,-0.16653041768736,0.471448884520651,1.18915648340741
5.95595595595596,-0.13659545871955,0.480967354583856,1.1912122467825
5.96596596596597,-0.106148796874249,0.488637976975698,1.19321261539052
5.97597597597598,-0.0751868244920997,0.494295016669909,1.19519645831776
5.98598598598599,-0.0439535752409249,0.498061444777472,1.19717471331835
5.995995995996,-0.0125672267000758,0.499850204647085,1.1991842462218
6.00600600600601,0.0188761952760181,0.49966893106042,1.20119866172431
6.01601601601602,0.0502477919313566,0.497496162377251,1.20318180630009
6.02602602602603,0.0813766773219831,0.493348531354275,1.20521685414517
6.03603603603604,0.112279132082389,0.487239847259445,1.2071631495237
6.04604604604605,0.142592435838232,0.479226645807707,1.20922671164722
6.05605605605606,0.1724861856741,0.469289904036304,1.21118026860169
6.06606606606607,0.201663644494916,0.457522432853042,1.21321836774684
6.07607607607608,0.23001212903403,0.443929421185947,1.21519609304531
6.08608608608609,0.257415052658004,0.428640583796668,1.2171808129144
6.0960960960961,0.283859315840013,0.41161522237701,1.21924351027748
6.10610610610611,0.309180402054492,0.392941850392648,1.22122785764067
6.11611611611612,0.333286248870481,0.37267808455461,1.22322008189112
6.12612612612613,0.356041586034325,0.351057736701782,1.22519590830674
6.13613613613614,0.377449837944835,0.32798463047293,1.2271766570307
6.14614614614615,0.397257699987703,0.303631661797658,1.22925483670386
6.15615615615616,0.415560148631103,0.278033076332776,1.2312338548604
6.16616616616617,0.432224226901395,0.251372663127776,1.23320611717426
6.17617617617618,0.447186621768407,0.223694905746833,1.23524284555859
6.18618618618619,0.460336231729191,0.195171859228826,1.23725994709448
6.1961961961962,0.471684421007997,0.165796966614817,1.23924480293462
6.20620620620621,0.48116201041917,0.135878983966283,1.2412782767463
6.21621621621622,0.488795677587926,0.105293000390158,1.24326363164679
6.22622622622623,0.494470776342691,0.0743980077049811,1.24525980558938
6.23623623623624,0.498144515169278,0.0432071998151572,1.24722828125455
6.24624624624625,0.499878574485066,0.0118015168821716,1.24924251398537
6.25625625625626,0.499645739158078,-0.0196561282877366,1.25125984780659
6.26626626626627,0.497393961705447,-0.050990006555165,1.25323196292328
6.27627627627628,0.493165948409971,-0.082151799033527,1.25523880503115
6.28628628628629,0.487049849238675,-0.113007904158539,1.25726304107736
6.2962962962963,0.478987104733569,-0.143407591271506,1.25922275245257
6.30630630630631,0.46903496056676,-0.173183684586841,1.26131011874553
6.31631631631632,0.457211250245767,-0.202352675147358,1.26325007197609
6.32632632632633,0.443622573663259,-0.230711674252362,1.26528561966962
6.33633633633634,0.428210512494845,-0.258123047534406,1.26727797108547
6.34634634634635,0.411168218905747,-0.284543860899929,1.26928369819445
6.35635635635636,0.392429850881235,-0.309797440628867,1.27126557095271
6.36636636636637,0.372229324999232,-0.333840029874257,1.27329730975863
6.37637637637638,0.350507070387788,-0.356626570335697,1.27525200091024
6.38638638638639,0.327384493497526,-0.37788962907335,1.27727818570945
6.3963963963964,0.302964425974038,-0.397739827750958,1.27925891989813
6.40640640640641,0.277368709117711,-0.415992372935045,1.28129904181716
6.41641641641642,0.250651448835997,-0.43261024342676,1.2832444210767
6.42642642642643,0.222993678273978,-0.447507712933762,1.28530573037855
6.43643643643644,0.194417056818665,-0.460667130551992,1.28731754486635
6.44644644644645,0.165102830428663,-0.471945020259164,1.28932937300317
6.45645645645646,0.135122790560348,-0.481379014561608,1.2913109848629
6.46646646646647,0.104582273273676,-0.488958357606316,1.29326630994395
6.47647647647648,0.0736518510152921,-0.494543266019427,1.2952976845624
6.48648648648649,0.0424230351451029,-0.498203251994083,1.29729413959406
6.4964964964965,0.0109590106471129,-0.499864383606262,1.29930667450252
6.50650650650651,-0.020460682287399,-0.499521758987473,1.30130664691833
6.51651651651652,-0.0518106836361857,-0.497339775387928,1.30332313225692
6.52652652652653,-0.0829459173755923,-0.493093261303789,1.30529653436965
6.53653653653654,-0.113747330237199,-0.486865455651589,1.30734210123325
6.54654654654655,-0.144150650286934,-0.478751266110183,1.3093036477344
6.55655655655656,-0.173988193425993,-0.46873400775234,1.31130067886005
6.56656656656657,-0.203092768780087,-0.456924573005534,1.3132859169291
6.57657657657658,-0.231408369572284,-0.443254236915269,1.31529259963474
6.58658658658659,-0.258768535414733,-0.427836154084561,1.31732919182483
6.5965965965966,-0.285144180664869,-0.410726365380479,1.31930862096074
6.60660660660661,-0.310415748608119,-0.39195863077045,1.3212904236887
6.61661661661662,-0.334453914718183,-0.371645099221243,1.3233293570502
6.62662662662663,-0.357161645086227,-0.349918108278986,1.325295666272
6.63663663663664,-0.378451114288519,-0.326793146891653,1.32731224850878
6.64664664664665,-0.398256633209274,-0.302341632379558,1.32935727751718
6.65665665665666,-0.41646747087841,-0.276726322681734,1.33135481790278
6.66666666666667,-0.432998136798846,-0.250023033528613,1.33334902380967
6.67667667667668,-0.447888868333443,-0.222295239259646,1.33533904797066
6.68668668668669,-0.460994975138995,-0.193668144414643,1.33729632202269
6.6966966966967,-0.472234013550183,-0.164345217540224,1.33930279359043
6.70670670670671,-0.481659715719288,-0.134337022447644,1.34135175948025
6.71671671671672,-0.489112732127346,-0.103762456534247,1.34334787439991
6.72672672672673,-0.494673066628786,-0.0728417957268469,1.34533648690878
6.73673673673674,-0.49822993729691,-0.0416003408078477,1.34735691588457
6.74674674674675,-0.499887437585459,-0.0102523671519226,1.34937171000196
6.75675675675676,-0.499546474539504,0.0212305613535591,1.35132705984902
6.76676676676677,-0.497232869671462,0.0525717226358411,1.35340940798459
6.77677677677678,-0.492966653139671,0.0837466637603331,1.35539365840093
6.78678678678679,-0.486725553588638,0.114533176771327,1.35738990423985
6.7967967967968,-0.478540509014088,0.144886740095454,1.35938391322383
6.80680680680681,-0.46847823089788,0.174674329102637,1.36130275093575
6.81681681681682,-0.456561152215052,0.203793355620014,1.36333596353794
6.82682682682683,-0.442858935150025,0.232118057666138,1.36536131874029
6.83683683683684,-0.427388531532359,0.259470159542364,1.36736584517465
6.84684684684685,-0.410236867694617,0.285849006981044,1.36939639579772
6.85685685685686,-0.391474585377996,0.311036070823844,1.37136399048481
6.86686686686687,-0.37118542235388,0.33501560444349,1.37334931709063
6.87687687687688,-0.349346465485284,0.357714232619753,1.37534583223632
6.88688688688689,-0.326189633113696,0.378965839231863,1.3773926273011
6.8968968968969,-0.301709088154147,0.39866303313222,1.37937440373291
6.90690690690691,-0.276056594272344,0.416910141093552,1.38137781295832
6.91691691691692,-0.249313387312546,0.433411667144253,1.38339984352889
6.92692692692693,-0.221589433432702,0.448203518231383,1.38535685725059
6.93693693693694,-0.192995397586399,0.461269698073822,1.38740813581496
6.94694694694695,-0.16360173141001,0.472441447206077,1.38942348568277
6.95695695695696,-0.133573106590053,0.481827928997738,1.39139840566714
6.96696696696697,-0.10304053420237,0.489266092975594,1.39340593016266
6.97697697697698,-0.0720733144332793,0.494771006666256,1.39536318939678
6.98698698698699,-0.0408213495371479,0.498307647711368,1.39741375995817
6.996996996997,-0.00939444330650342,0.499917432963317,1.39940607415018
7.00700700700701,0.021985567199329,0.499525028847413,1.40138696985769
7.01701701701702,0.0533512899348363,0.497156190483574,1.40338659623911
7.02702702702703,0.0844819655087592,0.492796254572661,1.4054057194608
7.03703703703704,0.115352831001835,0.486495037940683,1.40739831085759
7.04704704704705,0.145634161518191,0.478302488027992,1.40938731681089
7.05705705705706,0.175410777596266,0.468172782977502,1.41141903507113
7.06706706706707,0.204563584948074,0.456286834662029,1.41340612346223
7.07707707707708,0.23276612843083,0.44246504180071,1.41543674008089
7.08708708708709,0.260159350056344,0.427018695288031,1.41739684666219
7.0970970970971,0.286455814357988,0.409807579614503,1.41938144938259
7.10710710710711,0.311649565241603,0.390999859992286,1.42145509990692
7.11711711711712,0.335612322393299,0.370607317801991,1.42344359028546
7.12712712712713,0.35825243398768,0.348752616953791,1.42544010241019
7.13713713713714,0.379472992303838,0.325580453681924,1.42743217799397
7.14714714714715,0.399172680201617,0.301093845698555,1.42943436055095
7.15715715715716,0.417314450888319,0.275388184558399,1.43144500580753
7.16716716716717,0.433781420611327,0.248603682169242,1.43342458881135
7.17717717717718,0.448551429422128,0.220848307173591,1.43543879947151
7.18718718718719,0.461548722744253,0.192258970215919,1.43747795847857
7.1971971971972,0.472703563897182,0.162858792307368,1.43945081501829
7.20720720720721,0.482028327409378,0.132806702561715,1.44144165721967
7.21721721721722,0.489448152090664,0.102303978180933,1.44344627841193
7.22722722722723,0.494887491510054,0.0713246135454654,1.44545639666439
7.23723723723724,0.498367774845458,0.0400675231547054,1.44745944135096
7.24724724724725,0.499929502751238,0.00865076684080056,1.44944107123762
7.25725725725726,0.499494444968974,-0.0228166317404641,1.45143296889427
7.26726726726727,0.497073672652849,-0.0541328617625481,1.4534609644634
7.27727727727728,0.492693025228315,-0.0852886008831098,1.45547536620371
7.28728728728729,0.486321291554315,-0.116086012127189,1.45748258662721
7.2972972972973,0.478123102841333,-0.14641780294085,1.45944460103614
7.30730730730731,0.467938971836265,-0.176179179623615,1.46145986076363
7.31731731731732,0.455981796201676,-0.2052655869427,1.46345618780114
7.32732732732733,0.442132109226923,-0.233488912399411,1.46546190951257
7.33733733733734,0.426607103705862,-0.260822266079798,1.4674332469776
7.34734734734735,0.409354728745359,-0.287055764506184,1.46948263105016
7.35735735735736,0.390522851514306,-0.312255513564121,1.47146507488719
7.36736736736737,0.370102233219012,-0.336193483324214,1.47347369510271
7.37737737737738,0.348231241000089,-0.358806770373363,1.47548954614962
7.38738738738739,0.324958857111181,-0.37998876427871,1.47744648506885
7.3973973973974,0.300479832215499,-0.399644922004254,1.4794378766246
7.40740740740741,0.274781305116795,-0.417735246067447,1.48151190378308
7.41741741741742,0.247946656016069,-0.434186300374657,1.48347856203697
7.42742742742743,0.220177239894316,-0.448930369330789,1.48549985624819
7.43743743743744,0.191533185759801,-0.461867765210224,1.48748408711692
7.44744744744745,0.162124192079624,-0.472987836144006,1.48948244610789
7.45745745745746,0.132075999784198,-0.48226062588217,1.49152318386186
7.46746746746747,0.101499015055439,-0.489579355478681,1.49349746890873
7.47747747747748,0.0705405489259599,-0.494993591668784,1.49550941439153
7.48748748748749,0.0393026005013662,-0.498470125254179,1.49752640037108
7.4974974974975,0.00789262094626425,-0.499924734250706,1.4994713592193
7.50750750750751,-0.0235723506128801,-0.499444259641141,1.50150130647537
7.51751751751752,-0.0549294956385925,-0.49698392914306,1.5034729758791
7.52752752752753,-0.0860033016505783,-0.492553678238079,1.50547610476998
7.53753753753754,-0.116802403357208,-0.486140681225615,1.50749799231769
7.54754754754755,-0.147168038313754,-0.4778517225,1.50948018361361
7.55755755755756,-0.176912130692919,-0.467669414348976,1.51149828025855
7.56756756756757,-0.205957393638918,-0.455578131419783,1.51354549450615
7.57757757757758,-0.234195049218757,-0.441758587346195,1.51550448730071
7.58758758758759,-0.261486703798026,-0.426171270897261,1.51752885999436
7.5975975975976,-0.287714803319676,-0.408899984012601,1.51951725955261
7.60760760760761,-0.312887396826185,-0.389994485864575,1.52151372366591
7.61761761761762,-0.336766054018936,-0.3695876101671,1.52352268004529
7.62762762762763,-0.359320469549298,-0.347658751387607,1.52551092313835
7.63763763763764,-0.380495942028117,-0.324404209618494,1.52751367884535
7.64764764764765,-0.400115304688468,-0.299881409211913,1.52951554098701
7.65765765765766,-0.418235822045155,-0.274097352758545,1.53155883394864
7.66766766766767,-0.434565591659076,-0.247252271247738,1.53352064927123
7.67767767767768,-0.449279323819559,-0.219475290677394,1.53552854106183
7.68768768768769,-0.462164308823381,-0.19079376975911,1.53756442946402
7.6976976976977,-0.473234225543954,-0.161369208902283,1.53954851262506
7.70770770770771,-0.482451767075685,-0.131282874216515,1.54152264013164
7.71771771771772,-0.489734128741245,-0.100747175626938,1.5435540923947
7.72772772772773,-0.495095004149351,-0.0697359310590251,1.54555571312509
7.73773773773774,-0.498491812456403,-0.0384975877734035,1.54756778664608
7.74774774774775,-0.499983213498762,-0.00707298216393211,1.5495362878983
7.75775775775776,-0.499415675327946,0.0243848131680033,1.55158511824743
7.76776776776777,-0.496881089357098,0.055666941869237,1.55353710860999
7.77777777777778,-0.492446985438622,0.0867909981686883,1.55556057376727
7.78778778778779,-0.485947441922886,0.117608047549011,1.5575228335018
7.7977977977978,-0.4776353873307,0.147896890607829,1.55957906649183
7.80780780780781,-0.46735959744277,0.177661097056947,1.56153114498444
7.81781781781782,-0.455267164511473,0.206645344476114,1.56353322906588
7.82782782782783,-0.441406407810155,0.234911008369599,1.56556445066135
7.83783783783784,-0.425761188076285,0.262111122793238,1.56755631589441
7.84784784784785,-0.408453449382271,0.288424897647137,1.56958580933224
7.85785785785786,-0.389520516036396,0.313480009109492,1.57156442170746
7.86786786786787,-0.369056621818312,0.337343970106802,1.5735787731329
7.87787787787788,-0.347084214815711,0.359889652220302,1.57558320804283
7.88788788788789,-0.323802517593938,0.380993121441954,1.57755553525607
7.8978978978979,-0.299196283064382,0.40060449398972,1.5795710808926
7.90790790790791,-0.273415701094316,0.41858754922404,1.58157617237689
7.91791791791792,-0.246582466827315,0.434955519593328,1.58353618530038
7.92792792792793,-0.218766597022233,0.449577254909618,1.58560303375128
7.93793793793794,-0.190056263966757,0.46246917857171,1.58759394770411
7.94794794794795,-0.160604731246876,0.473471855727239,1.58955654711986
7.95795795795796,-0.130543308073478,0.482695094391472,1.59159049208971
7.96796796796797,-0.0999434932421972,0.489906736395489,1.59356771045511
7.97797797797798,-0.0689430851639984,0.495201532184043,1.59560187346515
7.98798798798799,-0.0376711875158153,0.498584820091471,1.59759035603193
7.997997997998,-0.00630674103538593,0.499979586231908,1.59961173349074
8.00800800800801,0.0251475661562794,0.499405991102493,1.60161751486681
8.01801801801802,0.0564651189336751,0.496797103734443,1.60359160984109
8.02802802802803,0.0875933006678261,0.492232372180169,1.60561838080607
8.03803803803804,0.118354272261649,0.485779826284294,1.60759338941189
8.04804804804805,0.148649827961256,0.477426623233866,1.6095862923682
8.05805805805806,0.178355065186145,0.467091032813238,1.61161467383103
8.06806806806807,0.207365671089806,0.454963701395044,1.61365746152278
8.07807807807808,0.235575762835373,0.441061146981228,1.61562377962129
8.08808808808809,0.262782836232147,0.425330143224574,1.61762653069549
8.0980980980981,0.289048819109964,0.407988131858034,1.61960865583301
8.10810810810811,0.314090218410981,0.389032242720972,1.62162014522659
8.11811811811812,0.337968046569892,0.36854047306465,1.62360455716776
8.12812812812813,0.360416904027161,0.346558342644505,1.62562317863516
8.13813813813814,0.38149839531246,0.323202930521517,1.62766634783546
8.14814814814815,0.401103111615474,0.298567023870064,1.62961554074094
8.15815815815816,0.419056806827827,0.272753697086804,1.63164320873466
8.16816816816817,0.435372351026508,0.24591564588723,1.63367232551149
8.17817817817818,0.449935305382648,0.218067424746653,1.63561713955743
8.18818818818819,0.462750355290096,0.189334226322391,1.63764616859101
8.1981981981982,0.473748121722574,0.15989495119768,1.63964861089805
8.20820820820821,0.482863678445035,0.129775988637543,1.64165550665538
8.21821821821822,0.490057666785885,0.0991897746554449,1.64363126309558
8.22822822822823,0.495304075000845,0.0681569574698813,1.64565837472387
8.23823823823824,0.498644353263604,0.0369557558590503,1.64765485258151
8.24824824824825,0.500007403124794,0.00554915628678506,1.64964357506746
8.25825825825826,0.499320252509344,-0.025925990924192,1.65166191242984
8.26826826826827,0.496711767038942,-0.057228818403655,1.65364843258023
8.27827827827828,0.49216796427581,-0.0883689439383567,1.65564203865471
8.28828828828829,0.485620522501541,-0.119143216330821,1.65766400089152
8.2982982982983,0.477177862125557,-0.149413895612666,1.6596540157178
8.30830830830831,0.466802872441013,-0.179116659833688,1.66167965148185
8.31831831831832,0.454641696441929,-0.208092572185901,1.66364338627346
8.32832832832833,0.440651310429519,-0.236310394783667,1.66568989966739
8.33833833833834,0.424935578107802,-0.263504998002048,1.6676873246068
8.34834834834835,0.407515092071743,-0.289690921199828,1.66968291508098
8.35835835835836,0.388528518303314,-0.314726647154481,1.67163952402178
8.36836836836837,0.367979046830601,-0.338550396598426,1.67366818580091
8.37837837837838,0.345989776605277,-0.360973366490783,1.67568899107163
8.38838838838839,0.322592367567278,-0.382049148609999,1.67764569656326
8.3983983983984,0.297933814213892,-0.401522920736183,1.67970754595566
8.40840840840841,0.272137738887614,-0.419466823744286,1.68164527555912
8.41841841841842,0.245236569065155,-0.435717399040371,1.6836602145749
8.42842842842843,0.217354193948359,-0.450288711235559,1.68563977350148
8.43843843843844,0.188585693239878,-0.463048259934904,1.6877056172441
8.44844844844845,0.159134529612189,-0.474025643720171,1.68966685955382
8.45845845845846,0.129052049743666,-0.483057989521565,1.69172061016751
8.46846846846847,0.0984225976384952,-0.49022975325358,1.69370057252344
8.47847847847848,0.0674289796524982,-0.49544222868922,1.69570538199271
8.48848848848849,0.036126010992999,-0.498710109823497,1.6976830952588
8.4984984984985,0.00470665824262649,-0.499986639654223,1.69970155753782
8.50850850850851,-0.0267285906359492,-0.499266304362205,1.70168751622024
8.51851851851852,-0.0580500687993839,-0.496591302287291,1.70367840893958
8.52852852852853,-0.089167042720007,-0.492013345112611,1.70570599529455
8.53853853853854,-0.119907309464478,-0.485390848595178,1.70768715285179
8.54854854854855,-0.150202964642979,-0.476915771285541,1.70975187627101
8.55855855855856,-0.179822123532026,-0.466556431082914,1.71169979355547
8.56856856856857,-0.208840882499842,-0.454272734239063,1.71367788014236
8.57857857857858,-0.236939563652917,-0.440302485466931,1.71575539422189
8.58858858858859,-0.264169064608346,-0.424503107006328,1.71771066465134
8.5985985985986,-0.290330120047185,-0.407059460195292,1.71971497980426
8.60860860860861,-0.315324085673983,-0.388042688972645,1.72174412892184
8.61861861861862,-0.339087440836063,-0.367436592864741,1.72376763979803
8.62862862862863,-0.361524402310834,-0.345398480458767,1.72571692934184
8.63863863863864,-0.382502623469512,-0.321963464388504,1.72769813462172
8.64864864864865,-0.401999419737798,-0.297299095046131,1.72974782254055
8.65865865865866,-0.419904546804731,-0.271419090830024,1.73174219573074
8.66866866866867,-0.43610782039639,-0.244553202283946,1.73375026190995
8.67867867867868,-0.450650508993626,-0.216613985197752,1.73579814131829
8.68868868868869,-0.463324270526275,-0.187898980853726,1.73774862981906
8.6986986986987,-0.474248947959858,-0.158408844323949,1.73972975294941
8.70870870870871,-0.483261543768654,-0.12827423427214,1.74174000889547
8.71871871871872,-0.49039292205439,-0.0976387405651893,1.74377177898021
8.72872872872873,-0.495518858494502,-0.066632746442144,1.74572526265852
8.73873873873874,-0.498756433895328,-0.0353414786651284,1.74775335500417
8.74874874874875,-0.499994974616456,-0.00394085023087377,1.74973060941529
8.75875875875876,-0.499224635188161,0.0275182955533427,1.75177549339259
8.76876876876877,-0.496514994602569,0.0588137284703071,1.75376549921074
8.77877877877878,-0.491850128302048,0.0899464771140126,1.75576526404102
8.78878878878879,-0.485255459853022,0.120667538313645,1.7577574019866
8.7987987987988,-0.476677195934216,0.150892868203527,1.75982052932615
8.80880880880881,-0.466272496238181,0.180617231733831,1.7617317371158
8.81881881881882,-0.45399254292528,0.209519208696409,1.76373518678796
8.82882882882883,-0.439963490193833,0.237654669933439,1.7658253428002
8.83883883883884,-0.424100488390563,0.264824405646514,1.7677913816081
8.84884884884885,-0.406636953791225,0.290934387035045,1.76976710771064
8.85885885885886,-0.387525721698201,0.315931908807389,1.77177501950527
8.86886886886887,-0.366909242260612,0.339664192208941,1.77377041885557
8.87887887887888,-0.344820083555362,0.362082021375264,1.7757345023953
8.88888888888889,-0.321416614402207,0.38300937388876,1.77778689929719
8.8988988988989,-0.296684873372287,0.402446832593367,1.7797446402777
8.90890890890891,-0.270835604847576,0.420289440585742,1.78180721847224
8.91891891891892,-0.243836632772097,0.436511569119315,1.78378023790995
8.92892892892893,-0.215918055263206,0.450970343159403,1.78580489516495
8.93893893893894,-0.187126226522961,0.463662662488268,1.78779048300122
8.94894894894895,-0.1576519971703,0.474492907972189,1.78981510074262
8.95895895895896,-0.127441477969474,0.483493783950011,1.79177035873973
8.96896896896897,-0.0968488718503112,0.490545832302677,1.79379518003456
8.97897897897898,-0.0658628394281701,0.495671579500055,1.79578348941231
8.98898898898899,-0.0345779620046896,0.498799776730094,1.79781015330868
8.998998998999,-0.00313158452868088,0.499987219064524,1.79979154573262
9.00900900900901,0.0282809358567556,0.499204021334656,1.80180947206154
9.01901901901902,0.0595989687203792,0.49647141355123,1.80377333190038
9.02902902902903,0.0906865009101085,0.491719401570288,1.8058292374467
9.03903903903904,0.121404166732611,0.485090146816959,1.80783717179685
9.04904904904905,0.151659362740151,0.476456941652365,1.80979608246557
9.05905905905906,0.181305763698025,0.465961195315931,1.81179612645657
9.06906906906907,0.210249608974798,0.453636223462453,1.81377736790532
9.07907907907908,0.238326347796153,0.439559180709021,1.81580556081636
9.08908908908909,0.265473380715734,0.423704916955608,1.81782385945178
9.0990990990991,0.291603573238235,0.406179112335528,1.81982653227632
9.10910910910911,0.31655810034829,0.387035960079672,1.82181893501404
9.11911911911912,0.340279827156167,0.366368017573047,1.8238470189408
9.12912912912913,0.362632038837608,0.344239792933922,1.82580080132272
9.13913913913914,0.383499024020821,0.320766326285833,1.82783086619492
9.14914914914915,0.402961559557598,0.296050303608165,1.82979207190836
9.15915915915916,0.42074642439992,0.270144441951323,1.83182748771197
9.16916916916917,0.436877667176321,0.243190096246657,1.8338463164844
9.17917917917918,0.451344549024262,0.215229832692222,1.83583868600546
9.18918918918919,0.463958813045138,0.186402051199899,1.83784576208376
9.1991991991992,0.474755240786866,0.156914025235039,1.83985439757857
9.20920920920921,0.483659302052747,0.126714722514548,1.84185383011429
9.21921921921922,0.490668677768856,0.0960803348428778,1.84386763854177
9.22922922922923,0.495742325432925,0.0650663479135395,1.84582869034256
9.23923923923924,0.49881960995197,0.0337914665910996,1.84786107360857
9.24924924924925,0.499999935881108,0.00237974304735824,1.84990027588731
9.25925925925926,0.499155352167594,-0.0290605655173274,1.85184353328025
9.26926926926927,0.49634691133896,-0.0603911118381879,1.85384802335719
9.27927927927928,0.49155911329794,-0.0914813964271674,1.85584912384461
9.28928928928929,0.484835294007969,-0.122178388551645,1.85788712347856
9.2992992992993,0.476195931646904,-0.152411903270397,1.85984002695886
9.30930930930931,0.46567579150099,-0.182074178759515,1.86187487024989
9.31931931931932,0.453334489773293,-0.21096617332539,1.86386208671305
9.32932932932933,0.43917283832094,-0.239033212989842,1.86589362198939
9.33933933933934,0.423289498749783,-0.266169502127304,1.8678342966223
9.34934934934935,0.405688104092703,-0.292267499880453,1.86985454014481
9.35935935935936,0.386543095034485,-0.317179516999877,1.87183386241946
9.36936936936937,0.365859313041656,-0.340821157465428,1.87384218046351
9.37937937937938,0.343648827217691,-0.363142838494822,1.87589581263437
9.38938938938939,0.320178918367785,-0.384044050011927,1.87788354843378
9.3993993993994,0.295453569518469,-0.403407012085491,1.87985305361495
9.40940940940941,0.269464667873319,-0.421129986386989,1.88186204100001
9.41941941941942,0.242454391131141,-0.437308346162179,1.88387943907428
9.42942942942943,0.214508981956158,-0.451589784833377,1.88592505661543
9.43943943943944,0.185724636582291,-0.46423120426372,1.88786547334471
9.44944944944945,0.156161415094348,-0.474978064108564,1.88989654046761
9.45945945945946,0.125970787018294,-0.483902215273198,1.89189921639327
9.46946946946947,0.0953499368697709,-0.490845177235119,1.89389374906229
9.47947947947948,0.0643007504598897,-0.495855136774861,1.89589679792729
9.48948948948949,0.0329942246618238,-0.49894805676653,1.89787239649519
9.4994994994995,0.00157687825408067,-0.500024949510429,1.8998739934291
9.50950950950951,-0.029871753566667,-0.499109662855737,1.9019334569035
9.51951951951952,-0.0611660180395534,-0.496196747165895,1.90388675961234
9.52952952952953,-0.0922174951671251,-0.491417146541192,1.90591515587213
9.53953953953954,-0.122926339842407,-0.484682173929324,1.90789560718149
9.54954954954955,-0.153171355226709,-0.475958024562276,1.90990898466185
9.55955955955956,-0.1827497936531,-0.465381203594242,1.91193217900834
9.56956956956957,-0.211657173578731,-0.452983279266456,1.91387945222877
9.57957957957958,-0.23972543654171,-0.43880851323655,1.91592226813633
9.58958958958959,-0.266833620352539,-0.422844325080657,1.9178839708045
9.5995995995996,-0.292856419785634,-0.405262172891758,1.91991130443039
9.60960960960961,-0.317777058094094,-0.386033321298348,1.92190335300569
9.61961961961962,-0.341384673488208,-0.365314088409778,1.92390976344787
9.62962962962963,-0.363668315623476,-0.343128674958807,1.92591169983625
9.63963963963964,-0.384544063690507,-0.319599706821262,1.92792742586439
9.64964964964965,-0.40386184509115,-0.29480448826205,1.92989830149736
9.65965965965966,-0.421527588048007,-0.268780206391276,1.93194567287831
9.66966966966967,-0.437630622893948,-0.241742330173356,1.93391061605245
9.67967967967968,-0.451989164526862,-0.21378009969548,1.93590981643567
9.68968968968969,-0.464544279227352,-0.184967694747014,1.93791433491617
9.6996996996997,-0.475212474952398,-0.155432800800953,1.93995057924175
9.70970970970971,-0.484075737900317,-0.125263579695417,1.94195803551677
9.71971971971972,-0.490941464120164,-0.0946049511463213,1.94395034391733
9.72972972972973,-0.495959565618836,-0.0634943453657932,1.94594484954077
9.73973973973974,-0.498999651351792,-0.0321623887278355,1.94794149065272
9.74974974974975,-0.500001545597396,-0.000752987328457726,1.94992496162121
9.75975975975976,-0.499063613656283,0.03063158114622,1.95193169303847
9.76976976976977,-0.496133806113014,0.0619617539859857,1.95394831962226
9.77977977977978,-0.491322622834628,0.0929979047987433,1.95596765228352
9.78978978978979,-0.484466649671472,0.123684936435217,1.9579992519435
9.7997997997998,-0.475716906055573,0.15392351968709,1.95996685561308
9.80980980980981,-0.465134614772372,0.18349630248198,1.96195079600215
9.81981981981982,-0.452633448241597,0.212359666672913,1.96392816506623
9.82982982982983,-0.438400316597357,0.240424353061701,1.9659477572976
9.83983983983984,-0.422421470067046,0.267477253062046,1.96797694173885
9.84984984984985,-0.404779456956798,0.293513290801333,1.96998701269912
9.85985985985986,-0.38553362829368,0.318359980990201,1.9719907385082
9.86986986986987,-0.36475571237849,0.341974156125281,1.97400249976292
9.87987987987988,-0.342556980770465,0.364233628996653,1.97599242296023
9.88988988988989,-0.318989828274229,0.385035212778403,1.97795876664772
9.8998998998999,-0.294114788107438,0.404308551860928,1.97998856456091
9.90990990990991,-0.268162094168742,0.42201797909028,1.98195217692675
9.91991991991992,-0.241098755399478,0.438072471200976,1.98396828252434
9.92992992992993,-0.213102133696757,0.452323123427125,1.98600126342631
9.93993993993994,-0.184236918944166,0.46481847491819,1.9880041836245
9.94994994994995,-0.15470941157933,0.47550966859448,1.98995052536045
9.95995995995996,-0.124456175921161,0.484233924857484,1.99198591586509
9.96996996996997,-0.0938005508944456,0.491115530886201,1.99397286398501
9.97997997997998,-0.0627109050146395,0.495996288740394,1.99598744573082
9.98998998998999,-0.0314605399045036,0.499011101481833,1.9979714286414
10,-9.09513021139771e-06,0.500002328480922,2.00000665704431
